"DIRECTORIO";"NRO_ENCUESTA";"SECUENCIA_ENCUESTA";"SECUENCIA_P";"ORDEN";"FEX_C";"P553";"P553S1";"P1379";"P1390S1";"P1390S2";"P1390S3";"P1390S5";"P1390S4";"P1389";"P1386";"P1385";"P1380S1";"P1380S2";"P1380S3";"P1380S5";"P1380S6";"P1367S1";"P1367S4";"P1367S5";"P1367S2";"P1367S3";"P554";"P555S1";"P555S2";"P555S7";"P555S3";"P555S4";"P555S5";"P555S6";"P555S8";"P555S9";"P555S10";"P555S11";"P1592S1";"P1592S2";"P1592S3";"P1592S4";"P1228";"P557";"P558";"P1119";"P1593";"P1591";"P1214";"P1368"
501461;237;1;1;1;894.60417250822;3;1;1;1;2;2;2;2;1;1;1;2;2;2;2;2;2;2;2;2;2;2;;;;;;;;;;;;2;2;2;2;2;;;;;;6;2
501501;237;1;1;1;108.237480267757;5;1;1;1;1;2;2;2;4;1;1;2;2;2;2;2;2;2;2;2;2;2;;;;;;;;;;;;2;2;2;2;2;;;;;;3;2
501529;237;1;1;1;218.298874152238;12;1;3;2;2;2;2;1;2;1;2;;;;;;2;2;2;2;2;2;;;;;;;;;;;;2;2;2;2;2;;;;;;6;2
501557;237;1;1;1;445.192532273336;7;1;6;2;1;1;2;2;2;3;2;;;;;;2;2;2;2;2;1;2;2;2;2;1;2;2;2;2;2;2;2;2;2;2;2;;;;;;3;2
501589;237;1;1;1;59.3520827172958;9;1;1;2;2;1;2;2;3;2;2;;;;;;2;2;2;2;1;1;1;2;2;1;1;2;2;2;2;2;2;2;1;2;2;1;2;2;4;1;;;2
501608;237;1;1;1;68.6868879163544;7;1;3;1;2;2;1;2;3;3;1;2;2;2;2;2;2;2;2;2;1;2;;;;;;;;;;;;2;2;2;2;2;;;;;;3;2
501649;237;1;1;1;106.82901045266;12;1;3;2;2;1;2;2;2;1;1;2;2;2;2;2;2;2;2;2;2;2;;;;;;;;;;;;2;2;2;2;2;;;;;;3;2
501652;237;1;1;1;92.0464413358518;11;1;4;2;2;1;2;2;1;2;1;1;2;2;2;2;2;2;2;2;2;2;;;;;;;;;;;;2;2;2;2;2;;;;;;8;2
501669;237;1;1;1;112.086439336576;6;1;6;2;1;2;2;2;2;4;1;2;2;2;2;2;2;2;2;2;2;2;;;;;;;;;;;;2;2;2;2;2;;;;;;3;2
501912;237;1;1;1;118.132031388959;10;1;1;1;1;2;2;2;3;1;1;2;2;2;2;2;2;2;2;2;1;1;2;2;2;1;1;2;2;2;2;2;2;2;2;2;2;2;;;;;;3;2
501947;237;1;1;1;67.9069245555448;7;1;6;2;2;2;1;2;2;1;1;2;2;2;2;2;2;1;2;2;2;1;1;2;2;2;2;2;2;2;2;2;2;2;1;2;2;1;2;1;2;2;1;;2
501989;237;1;1;1;107.690431000229;8;1;3;1;2;2;2;2;1;2;1;2;2;2;1;2;2;1;2;1;2;1;1;2;2;2;1;2;2;2;2;2;2;1;1;2;2;1;1;1;3;1;;;1
502011;237;1;1;1;179.998548708773;10;1;6;2;2;2;2;1;2;1;2;;;;;;2;2;2;2;2;1;2;2;2;2;1;2;2;2;2;2;2;2;2;2;2;2;;;;;;2;2
502016;237;1;1;1;311.224381774972;12;1;1;2;1;1;2;2;5;1;1;1;1;2;2;2;2;2;2;2;2;1;1;2;2;2;1;2;2;2;2;2;2;2;2;2;2;2;;;;;;3;2
502051;237;1;1;1;303.246265864708;8;1;6;2;2;2;2;1;2;1;2;;;;;;2;2;2;2;2;2;;;;;;;;;;;;2;2;2;2;2;;;;;;6;2
502063;237;1;1;1;277.102869574299;4;1;6;2;1;2;2;2;1;1;2;;;;;;2;2;2;2;2;2;;;;;;;;;;;;2;2;2;2;2;;;;;;5;1
502075;237;1;1;1;207.904017691836;3;1;3;2;1;2;2;2;1;3;2;;;;;;2;2;2;2;2;2;;;;;;;;;;;;2;2;2;2;2;;;;;;3;2
502096;237;1;1;1;844.747281628374;11;1;1;1;2;2;2;2;3;1;1;2;2;2;2;2;2;2;2;2;2;1;1;1;2;2;2;2;2;2;2;2;2;2;2;2;2;1;4;;1;;;;2
502125;237;1;1;1;418.243778739179;2;1;6;1;2;1;2;2;4;4;1;2;2;2;2;2;2;2;2;2;2;1;2;2;2;2;1;2;2;2;2;2;2;2;2;2;2;2;;;;;;6;2
502163;237;1;1;1;477.808410622278;6;1;3;1;1;2;2;2;3;1;1;2;2;2;2;2;2;2;2;2;2;2;;;;;;;;;;;;2;2;2;2;2;;;;;;3;2
502202;237;1;1;1;983.213617740569;12;1;6;1;1;2;1;2;6;3;2;;;;;;2;2;2;2;2;1;2;2;1;1;1;2;2;2;2;2;2;2;2;2;2;1;3;1;4;1;;;2
502243;237;1;1;1;1026.35442228271;2;1;2;2;2;1;2;2;5;2;1;2;2;2;2;2;2;2;2;2;2;2;;;;;;;;;;;;2;2;2;2;2;;;;;;3;2
502364;237;1;1;1;59.3520827172958;1;1;6;2;1;2;2;2;4;2;2;;;;;;2;2;2;2;2;2;;;;;;;;;;;;1;1;2;2;1;3;1;1;1;;;2
502451;237;1;1;1;81.6950953813354;4;2;3;1;2;1;2;2;3;3;1;2;2;2;2;2;2;2;2;2;2;2;;;;;;;;;;;;2;2;2;2;2;;;;;;7;2
502469;237;1;1;1;74.9387153590831;7;1;6;1;1;2;2;2;2;4;1;2;2;2;2;2;2;2;2;2;2;1;2;2;2;2;1;2;2;2;2;2;2;2;1;2;2;2;;;;;;3;2
502485;237;1;1;1;82.1008054743409;12;1;6;2;2;1;1;2;4;1;1;2;2;2;2;2;2;2;2;2;2;2;;;;;;;;;;;;2;2;2;2;2;;;;;;2;2
502488;237;1;1;1;84.7351642125346;1;2;6;1;2;2;2;2;5;2;2;;;;;;2;2;2;2;2;2;;;;;;;;;;;;1;2;2;2;1;3;1;5;2;4;;2
502515;237;1;1;1;102.077522936583;12;1;2;1;2;2;1;2;1;1;2;;;;;;2;2;2;2;2;2;;;;;;;;;;;;2;2;2;2;2;;;;;;5;2
502636;237;1;1;1;42.624675127881;9;1;1;2;2;2;1;2;4;1;1;2;2;2;2;2;2;2;2;2;1;1;1;2;2;1;2;2;2;2;2;2;2;1;1;2;2;2;;;;;;7;2
502673;237;1;1;1;41.0451521501478;2;1;1;1;2;1;2;2;6;4;2;;;;;;2;2;2;2;2;1;1;2;2;1;2;2;2;2;2;2;2;2;1;2;2;1;1;1;1;2;1;;2
502699;237;1;1;1;37.7489620798786;5;1;1;1;2;2;2;2;3;4;2;;;;;;2;2;2;2;2;2;;;;;;;;;;;;2;2;2;2;2;;;;;;3;2
502731;237;1;1;1;1138.2567847072;2;1;2;2;1;1;2;2;4;4;2;;;;;;2;2;2;1;2;1;1;2;2;2;2;2;2;2;2;2;2;2;2;2;2;2;;;;;;3;2
502735;237;1;1;1;770.414471557952;2;1;6;2;2;2;1;2;3;4;1;1;2;2;2;2;2;2;2;2;2;2;;;;;;;;;;;;2;1;2;2;2;;;;;;2;2
502771;237;1;1;1;79.0051457228083;10;1;6;2;2;2;1;2;3;1;1;2;2;2;2;2;2;2;2;2;2;1;2;2;2;2;1;2;2;2;2;2;2;2;2;2;2;2;;;;;;3;2
502786;237;1;1;1;74.3926178621974;7;1;1;2;2;2;1;2;2;3;2;;;;;;2;2;2;2;1;1;1;2;1;2;1;1;2;2;1;2;2;2;2;2;2;2;;;;;;3;2
503032;237;1;1;1;732.327759236148;3;1;6;1;2;2;2;2;1;2;1;2;2;2;2;2;2;2;2;1;2;1;1;2;2;1;2;2;2;2;2;2;2;2;;2;2;2;;;;;;3;2
503065;237;1;1;1;44.9554898624619;9;1;6;2;2;2;2;1;1;4;1;2;2;2;2;2;2;2;2;2;2;1;1;2;2;2;2;2;2;2;2;2;2;2;2;2;2;2;;;;;;3;2
503071;237;1;1;1;45.6044299798657;8;1;3;1;2;2;2;2;3;3;2;;;;;;2;2;2;2;2;2;;;;;;;;;;;;2;2;2;2;2;;;;;;3;2
503138;237;1;1;1;851.798637277717;9;1;3;1;2;2;2;2;2;4;2;;;;;;2;2;2;2;2;1;1;2;2;2;2;2;2;2;2;2;2;2;1;2;2;1;1;1;5;2;1;;2
503269;237;1;1;1;383.20596646415;12;1;6;2;1;2;2;2;2;1;2;;;;;;2;2;2;2;2;2;;;;;;;;;;;;2;2;2;2;2;;;;;;3;2
503274;237;1;1;1;757.089865841034;12;1;6;1;1;2;2;2;3;3;1;2;2;2;2;2;2;2;2;2;2;2;;;;;;;;;;;;2;2;2;2;2;;;;;;3;2
503275;237;1;1;1;652.522422363552;11;1;2;1;2;2;2;2;2;2;2;;;;;;2;2;2;2;2;2;;;;;;;;;;;;2;2;2;2;2;;;;;;3;2
503309;237;1;1;1;452.339324795689;9;2;6;2;1;2;2;2;1;9;1;2;2;2;2;2;2;1;2;2;2;1;2;2;1;2;2;2;2;2;2;2;2;2;2;2;2;2;;;;;;6;2
503335;237;1;1;1;449.658539263531;2;1;3;2;1;2;2;2;6;2;1;1;2;2;2;2;2;2;2;2;1;2;;;;;;;;;;;;2;1;2;2;1;3;1;4;2;3;;2
503350;237;1;1;1;1085.06255805645;12;2;1;1;2;2;1;2;3;1;2;;;;;;2;2;2;2;1;1;1;2;2;2;2;2;2;2;2;2;2;2;2;2;2;2;;;;;;4;2
503411;237;1;1;1;1153.8823424599;3;1;1;2;1;2;1;2;4;1;2;;;;;;2;2;2;2;2;1;2;2;2;1;1;2;2;2;2;2;2;2;2;2;2;2;;;;;;3;2
503423;237;1;1;1;931.35675791198;5;1;1;1;2;1;2;2;6;4;2;;;;;;2;2;2;2;2;1;2;2;2;2;1;2;2;2;2;2;2;1;2;2;2;1;1;1;1;2;1;;2
503425;237;1;1;1;940.315146208638;5;1;1;1;2;2;2;2;1;2;1;2;2;2;2;2;2;1;2;2;1;1;2;2;2;1;2;2;2;2;2;2;2;2;2;2;2;2;;;;;;6;2
503444;237;1;1;1;910.303825854742;5;1;1;2;2;1;2;2;2;1;1;2;2;2;2;2;2;2;2;2;2;2;;;;;;;;;;;;2;1;2;2;2;;;;;;3;2
503446;237;1;1;1;1054.25033576727;2;1;1;2;2;2;1;2;4;1;1;2;2;2;2;2;2;2;2;2;2;2;;;;;;;;;;;;2;2;2;2;2;;;;;;7;2
503456;237;1;1;1;947.475446132122;1;1;1;2;1;2;2;2;5;2;1;2;2;2;2;2;2;2;2;2;1;2;;;;;;;;;;;;2;2;2;2;2;;;;;;1;2
503520;237;1;1;1;590.52624157832;7;1;1;1;1;1;2;2;5;2;2;;;;;;2;2;2;2;2;1;1;2;2;2;1;2;2;2;2;2;2;1;1;2;2;1;1;2;1;1;;;2
503527;237;1;1;1;45.5436771888454;9;1;1;1;1;1;1;2;6;1;2;;;;;;2;2;2;2;2;2;;;;;;;;;;;;2;;2;1;1;3;1;5;1;;;2
503553;237;1;1;1;66.5893637045441;11;1;3;1;2;2;2;2;4;3;1;2;2;2;2;2;2;2;2;2;1;2;;;;;;;;;;;;2;2;2;2;2;;;;;;3;2
503575;237;1;1;1;67.8536980367051;3;1;1;2;1;2;2;2;4;3;1;2;2;2;2;2;1;2;2;2;2;1;2;1;1;2;1;2;2;2;2;2;2;2;2;2;1;1;1;1;4;2;1;;2
503648;237;1;1;1;638.199467671099;3;1;1;1;1;2;2;2;6;2;2;;;;;;2;2;2;2;2;2;;;;;;;;;;;;2;2;2;2;2;;;;;;3;2
503660;237;1;1;1;762.374193104153;6;1;1;2;1;2;2;2;2;1;1;2;2;2;1;2;2;2;2;2;2;2;;;;;;;;;;;;2;2;2;2;2;;;;;;4;2
503675;237;1;1;1;820.506818654804;1;1;1;2;2;2;1;2;5;1;1;2;2;2;2;2;2;2;2;2;1;1;1;2;2;2;1;2;2;2;2;2;2;2;2;2;2;2;;;;;;6;2
503697;237;1;1;1;92.2778659606358;6;2;1;1;1;1;2;2;2;4;2;;;;;;2;2;2;2;2;1;2;2;2;2;1;2;2;2;2;2;2;2;2;2;2;2;;;;;;3;2
503735;237;1;1;1;71.0440312736606;6;1;3;2;1;2;2;2;2;4;1;2;2;2;2;2;2;2;2;2;2;1;2;2;2;2;1;2;2;2;2;2;2;2;2;2;2;2;;;;;;3;2
503736;237;1;1;1;86.3314389010309;6;1;1;1;2;1;2;2;5;3;2;;;;;;2;2;2;2;2;2;;;;;;;;;;;;2;1;2;2;1;1;1;5;2;1;;2
503751;237;1;1;1;660.393175114568;8;1;3;2;2;1;2;2;3;2;2;;;;;;2;2;2;2;2;2;;;;;;;;;;;;2;;2;2;2;;;;;;3;2
503783;237;1;1;1;105.282573904331;3;1;6;1;2;2;2;2;3;2;2;;;;;;2;2;2;2;2;1;1;2;2;2;2;2;2;2;2;2;2;2;2;2;2;2;;;;;;5;1
503784;237;1;1;1;122.927477575109;11;1;6;2;2;2;1;2;3;3;2;;;;;;2;2;2;2;2;2;;;;;;;;;;;;2;2;2;2;2;;;;;;5;2
503790;237;1;1;1;105.282573904331;5;1;1;1;2;2;1;2;4;3;1;2;2;2;2;2;2;2;2;2;1;1;2;2;2;2;1;2;2;2;2;2;2;2;2;2;2;2;;;;;;3;2
503935;237;1;1;1;42.9891285334956;7;1;6;1;2;2;2;1;6;1;1;2;2;2;2;2;1;2;2;2;2;1;2;2;2;2;2;2;2;2;2;2;2;1;2;2;2;1;2;2;2;2;3;;2
503982;237;1;1;1;508.902673178706;12;1;6;2;1;1;2;2;4;1;2;;;;;;2;2;2;2;2;1;2;2;2;2;1;2;2;2;2;2;2;2;1;2;2;1;1;1;4;1;;;1
503995;237;1;1;1;822.77721469378;5;1;3;2;1;2;2;2;5;3;1;2;2;2;2;2;2;2;2;2;2;2;;;;;;;;;;;;2;2;2;2;2;;;;;;1;2
504008;237;1;1;1;67.1210972789062;12;1;2;1;2;1;2;2;4;4;1;2;2;2;2;2;2;2;2;2;2;1;2;2;2;2;2;2;2;2;2;2;2;2;1;2;2;1;1;1;4;1;;;2
504089;237;1;1;1;56.4335999997623;2;1;9;2;2;2;2;1;2;1;1;2;2;2;2;2;2;2;2;2;1;2;;;;;;;;;;;;2;2;2;2;2;;;;;;3;2
504273;237;1;1;1;65.8701083518304;12;1;3;2;2;1;2;2;3;1;2;;;;;;2;2;2;2;2;1;2;2;2;1;2;2;2;2;2;2;2;2;2;2;2;2;;;;;;6;2
504340;237;1;1;1;547.287839074022;3;1;6;2;1;2;2;2;2;1;1;2;2;2;2;2;2;2;2;2;1;1;1;2;2;2;1;2;2;2;2;2;2;2;2;2;2;2;;;;;;6;2
504535;237;1;1;1;667.847971032406;11;1;3;1;2;1;2;2;3;9;2;;;;;;2;2;2;2;2;1;2;2;2;2;1;2;2;2;2;2;2;2;;2;2;2;;;;;;6;2
504550;237;1;1;1;511.845879565481;10;1;6;1;1;2;1;2;6;4;2;;;;;;2;2;2;2;1;2;;;;;;;;;;;;1;1;2;2;1;1;1;2;1;;;1
504561;237;1;1;1;33.5872553984367;4;1;3;1;2;2;2;2;2;4;1;2;2;2;2;2;2;2;2;2;1;2;;;;;;;;;;;;2;2;2;2;2;;;;;;6;2
504573;237;1;1;1;34.4330190330222;7;1;3;2;2;2;2;1;1;1;1;2;2;2;2;2;2;1;2;2;2;2;;;;;;;;;;;;2;2;2;2;2;;;;;;3;2
504724;237;1;1;1;128.525872791415;1;1;2;2;2;1;2;2;2;3;1;2;2;2;2;2;2;2;2;2;2;2;;;;;;;;;;;;2;2;2;2;2;;;;;;2;2
504730;237;1;1;1;1533.14152121283;11;1;6;1;2;2;2;2;2;2;1;2;2;2;2;2;2;2;2;2;2;2;;;;;;;;;;;;2;2;2;2;2;;;;;;4;2
504772;237;1;1;1;85.0467084913309;8;1;6;2;2;2;1;2;1;1;1;2;2;2;2;2;2;1;2;2;1;1;1;2;2;2;1;2;2;2;2;2;2;2;2;2;2;2;;;;;;6;2
504858;237;1;1;1;83.8254336511179;11;1;1;2;1;2;2;2;2;1;1;2;2;2;2;2;2;2;2;1;1;1;2;2;2;1;1;2;2;2;2;2;2;2;1;2;2;2;;;;;;3;2
504859;237;1;1;1;73.8166298991137;6;1;3;2;1;2;2;2;4;3;2;;;;;;2;2;2;2;1;1;2;2;2;2;1;2;2;2;2;2;2;2;2;2;1;1;1;1;4;1;;;2
504925;237;1;1;1;561.90877460884;10;1;1;1;1;2;2;2;5;9;2;;;;;;2;2;2;2;2;2;;;;;;;;;;;;2;2;2;2;2;;;;;;5;2
505034;237;1;1;1;887.042117212494;7;1;1;2;1;2;2;2;5;2;2;;;;;;2;2;2;2;2;1;2;2;2;1;1;2;2;2;2;2;2;2;1;2;2;1;1;1;5;1;;;2
505039;237;1;1;1;838.379805521721;1;1;1;2;1;2;1;2;5;9;1;2;2;2;2;2;2;2;2;2;2;2;;;;;;;;;;;;2;2;2;2;2;;;;;;1;2
505073;237;1;1;1;1179.95654255476;4;1;1;1;2;2;1;2;5;1;1;2;2;2;2;2;2;2;2;2;2;1;2;2;2;2;1;2;2;2;2;2;2;2;2;2;2;1;4;;4;;;;2
505239;237;1;1;1;90.8028954973894;8;1;6;2;1;2;2;2;1;4;1;2;2;2;2;2;2;2;2;2;1;2;;;;;;;;;;;;2;2;2;2;2;;;;;;4;2
505241;237;1;1;1;71.5719705911522;1;1;6;2;2;2;1;2;2;9;2;;;;;;2;2;2;2;2;1;1;2;2;2;2;2;2;2;2;2;2;2;2;2;2;2;;;;;;5;2
505265;237;1;1;1;98.2825969763579;9;1;6;2;1;2;1;2;3;4;1;2;2;2;2;2;2;2;2;2;2;1;1;2;2;2;1;2;2;2;2;2;2;2;2;2;2;2;;;;;;3;2
505284;237;1;1;1;139.658452599903;1;1;1;2;1;1;2;2;3;2;1;1;2;2;2;2;2;2;2;2;2;1;2;2;2;2;1;2;2;2;2;2;2;2;2;2;2;2;;;;;;3;2
505296;237;1;1;1;88.6404474735534;3;1;9;2;1;1;2;2;4;3;2;;;;;;2;2;2;2;2;2;;;;;;;;;;;;2;2;2;2;2;;;;;;3;2
505312;237;1;1;1;121.984192943561;11;1;6;2;1;2;2;2;2;1;1;2;2;2;2;2;2;2;2;2;1;2;;;;;;;;;;;;2;2;2;2;2;;;;;;1;2
505345;237;1;1;1;370.903246756107;1;1;1;1;2;1;2;2;3;1;1;2;2;2;2;2;2;2;2;2;2;2;;;;;;;;;;;;2;2;2;2;2;;;;;;4;2
505406;237;1;1;1;233.072478485928;10;1;2;1;2;1;1;2;4;2;2;;;;;;1;2;2;2;2;2;;;;;;;;;;;;1;2;1;2;1;1;1;2;2;4;;2
505490;237;1;1;1;1008.58825743811;10;1;1;2;2;1;2;2;3;2;2;;;;;;2;2;2;2;2;2;;;;;;;;;;;;2;2;2;2;2;;;;;;6;2
505523;237;1;1;1;54.5304424212139;6;1;1;1;1;1;2;2;5;3;2;;;;;;2;2;2;2;2;1;2;2;2;2;1;2;2;2;2;2;2;2;1;2;2;1;3;1;5;2;4;;2
505588;237;1;1;1;69.1482660696977;5;1;3;1;2;2;2;2;1;3;2;;;;;;2;2;2;2;2;2;;;;;;;;;;;;2;2;2;2;2;;;;;;3;2
505607;237;1;1;1;68.0068760418858;10;1;6;1;1;2;1;2;4;1;1;2;2;2;2;2;2;2;2;2;2;2;;;;;;;;;;;;2;2;2;2;2;;;;;;3;2
505615;237;1;1;1;56.4227629063958;3;1;1;1;2;1;2;2;6;2;1;2;2;2;2;2;2;2;2;2;2;1;1;1;2;1;2;1;2;2;2;2;2;1;1;2;1;1;2;1;2;2;1;;2
505634;237;1;1;1;67.7005409072748;8;1;1;1;2;1;2;2;4;1;1;2;2;2;2;1;2;2;2;2;2;1;1;2;2;2;1;2;2;2;2;2;2;2;1;2;2;1;1;1;2;1;;;2
505675;237;1;1;1;70.5264229504731;9;1;6;1;2;2;2;2;2;1;1;2;2;2;2;2;2;2;2;2;2;1;2;2;2;1;2;2;2;2;2;2;2;2;2;2;2;2;;;;;;3;2
505678;237;1;1;1;59.7732538207445;10;1;7;2;1;2;2;2;2;1;1;2;2;2;2;2;2;2;2;2;1;1;2;2;2;2;1;2;2;2;2;2;2;2;2;2;2;2;;;;;;10;2
505691;237;1;1;1;54.2420492525233;3;1;4;2;2;1;2;2;2;3;1;1;2;2;1;2;2;2;2;2;2;1;2;2;2;2;1;2;2;2;2;2;2;2;1;2;2;1;1;1;4;1;;;2
505713;237;1;1;1;331.203955200562;6;1;2;1;2;2;2;2;3;1;1;2;2;2;2;2;2;2;2;2;2;2;;;;;;;;;;;;2;2;2;2;2;;;;;;5;2
505824;237;1;1;1;2275.303792594;11;1;6;2;2;2;1;2;5;2;1;2;2;2;2;2;2;2;2;2;1;1;1;2;2;2;1;2;2;2;2;2;2;2;2;2;2;2;;;;;;4;2
505864;237;1;1;1;690.219494779221;11;1;3;2;2;2;2;1;2;3;2;;;;;;2;2;2;2;2;1;1;2;1;2;1;2;2;2;2;2;2;2;;2;2;2;;;;;;8;2
506027;237;1;1;1;105.059659659661;10;1;1;2;1;2;2;2;1;1;1;2;2;2;2;2;2;2;2;2;1;2;;;;;;;;;;;;2;2;2;2;2;;;;;;6;2
506090;237;1;1;1;138.421991880265;12;1;4;1;1;1;2;2;3;4;1;1;2;2;1;2;2;2;2;2;1;1;1;2;1;2;2;2;2;2;2;2;2;2;1;2;1;2;;;;;;2;2
506394;237;1;1;1;81.9763935608329;8;1;1;1;1;2;2;2;3;1;2;;;;;;2;2;2;2;1;1;1;2;2;1;1;2;2;2;2;2;2;2;2;2;2;2;;;;;;6;2
506461;237;1;1;1;78.9060786303348;9;1;1;2;1;2;2;2;2;1;1;2;2;2;2;2;2;2;2;2;1;1;1;2;2;2;1;2;2;2;2;2;2;2;1;2;2;2;;;;;;3;2
506511;237;1;1;1;715.373642200833;11;1;6;2;2;2;2;1;3;3;2;;;;;;2;2;2;2;2;2;;;;;;;;;;;;2;2;2;2;2;;;;;;5;1
506557;237;1;1;1;527.76487285469;5;1;3;1;2;2;2;2;2;4;2;;;;;;2;2;2;2;2;1;1;2;2;2;1;2;2;2;2;2;2;2;2;2;2;2;;;;;;8;2
506576;237;1;1;1;406.577077910428;10;1;1;2;2;2;1;2;3;3;2;;;;;;2;2;2;2;2;1;2;2;2;2;2;2;2;2;2;2;2;2;2;2;2;2;;;;;;8;2
506672;237;1;1;1;964.005092972607;1;1;2;1;1;2;2;2;5;1;1;2;2;2;2;2;2;2;2;1;2;1;2;2;2;2;1;2;2;2;2;2;2;2;1;2;2;2;;;;;;3;2
506697;237;1;1;1;824.264549780671;3;1;1;1;2;1;2;2;3;4;2;;;;;;2;2;2;2;2;2;;;;;;;;;;;;1;2;2;2;2;;;;;;1;2
506721;237;1;1;1;67.6958155849722;11;1;6;2;1;2;2;2;3;1;2;;;;;;2;2;2;2;1;2;;;;;;;;;;;;2;2;2;2;2;;;;;;6;2
506793;237;1;1;1;66.1032051639122;6;1;1;2;2;1;2;2;2;3;1;2;2;2;2;2;2;2;2;2;2;1;2;2;2;2;2;2;2;2;2;2;2;2;1;2;2;1;1;1;2;2;1;;2
506826;237;1;1;1;75.3531560675382;6;1;6;1;2;2;2;2;4;9;2;;;;;;2;2;2;2;2;1;1;2;2;2;2;2;2;2;2;2;2;1;2;2;2;2;;;;;;7;2
506845;237;1;1;1;62.9718104091353;6;1;5;1;2;1;2;2;5;2;1;2;2;2;2;2;2;2;2;2;2;2;;;;;;;;;;;;2;2;2;2;2;;;;;;10;2
506871;237;1;1;1;60.8273983200759;6;1;3;2;2;1;2;2;2;2;1;2;2;2;2;2;2;2;2;2;1;2;;;;;;;;;;;;2;2;2;2;2;;;;;;8;2
506919;237;1;1;1;71.3398706467228;3;1;1;1;2;2;2;2;2;1;1;2;2;2;2;1;2;2;2;2;2;1;1;2;2;2;2;2;2;2;2;2;2;2;2;2;2;2;;;;;;6;2
506952;237;1;1;1;93.4248880531333;7;1;1;1;2;2;1;2;4;1;2;;;;;;2;2;2;2;2;2;;;;;;;;;;;;2;2;2;2;2;;;;;;6;2
507101;237;1;1;1;83.5410048188114;10;2;6;2;1;2;2;1;2;1;1;2;2;2;2;2;2;2;2;2;2;2;;;;;;;;;;;;2;2;2;2;2;;;;;;8;2
507150;237;1;1;1;91.9970548911127;10;1;6;2;1;2;2;2;1;4;1;2;2;2;2;2;2;2;2;2;2;2;;;;;;;;;;;;2;2;2;2;2;;;;;;6;2
507187;237;4;3;1;154.24024345233;6;2;2;2;2;1;2;2;1;3;1;2;2;2;2;2;2;2;2;2;2;1;1;2;1;2;2;2;1;2;2;2;2;2;2;2;2;2;;;;;;7;2
507188;237;1;1;1;268.854667453123;3;1;5;1;2;2;2;2;3;2;1;2;2;2;2;2;2;2;2;1;1;2;;;;;;;;;;;;2;2;2;2;1;5;1;6;;;;2
507258;237;1;1;1;40.1438525800024;3;1;6;1;1;1;2;2;6;2;2;;;;;;2;2;2;2;2;1;2;2;2;1;2;2;2;2;2;2;2;1;1;2;2;1;1;1;5;2;3;;2
507299;237;1;1;1;42.9891285334956;4;1;1;1;1;1;1;2;5;4;2;;;;;;2;2;2;2;2;1;2;2;2;2;1;2;2;2;2;2;2;1;2;2;2;1;3;1;4;2;4;;2
507426;237;1;1;1;60.0703393744186;2;1;1;1;1;1;2;2;6;1;2;;;;;;2;2;2;2;2;1;1;2;2;1;1;2;2;2;2;2;2;1;2;2;2;1;2;2;2;1;;;2
507473;237;1;1;1;73.014460981422;12;1;3;2;2;2;1;2;1;3;2;;;;;;2;2;2;2;2;2;;;;;;;;;;;;2;2;2;2;1;2;2;4;2;3;;2
507487;237;1;1;1;60.5104651229851;6;1;1;1;2;1;1;2;5;3;2;;;;;;2;2;2;2;2;1;1;2;2;1;2;2;2;2;2;2;2;2;1;2;2;1;2;2;2;1;;;2
507490;237;1;1;1;70.8712767412862;8;1;1;1;2;1;2;2;4;3;2;;;;;;2;2;2;2;2;2;;;;;;;;;;;;2;1;2;2;1;1;1;2;1;;;2
507498;237;1;1;1;68.4101534642422;10;2;1;1;1;1;2;2;5;3;2;;;;;;2;2;2;2;2;1;2;2;2;2;2;2;1;2;2;2;2;2;2;2;2;2;;;;;;3;2
507555;237;1;1;1;713.078304120995;10;1;3;1;2;2;2;2;1;4;2;;;;;;2;2;2;2;2;2;;;;;;;;;;;;2;1;2;2;2;;;;;;9;2
507570;237;1;1;1;60.5214412794772;3;1;1;2;1;2;2;2;3;3;2;;;;;;2;2;2;2;2;2;;;;;;;;;;;;2;2;2;2;2;;;;;;4;2
507587;237;1;1;1;61.5228395238916;1;1;1;2;2;2;1;2;5;4;2;;;;;;2;2;2;2;2;2;;;;;;;;;;;;1;1;2;2;1;2;2;2;1;;;2
507648;237;1;1;1;60.9960879877301;3;1;1;1;2;2;2;2;6;1;1;2;2;2;2;1;2;2;2;2;2;1;2;2;2;1;2;2;2;2;2;2;2;1;2;2;2;2;;;;;;3;2
507689;237;1;1;1;278.994221056022;1;1;1;1;1;1;2;2;6;4;2;;;;;;2;2;2;2;2;1;1;2;2;1;2;2;2;2;2;2;2;1;2;2;2;1;1;1;1;2;1;;2
507721;237;1;1;1;352.49730637541;1;1;6;2;1;2;2;2;1;4;2;;;;;;1;2;2;2;2;1;1;2;2;1;2;2;2;2;2;2;2;2;2;2;2;2;;;;;;6;2
507781;237;1;1;1;294.379320351886;6;1;2;2;2;1;2;2;6;2;1;2;2;2;2;2;2;2;2;2;2;2;;;;;;;;;;;;2;2;2;2;2;;;;;;8;2
507790;237;1;1;1;282.976281611801;1;1;1;2;2;1;2;2;2;1;2;;;;;;2;1;2;2;2;1;1;1;1;2;2;2;2;2;2;2;2;2;2;2;2;2;;;;;;3;2
507853;237;1;1;1;32.1944618156217;12;1;3;1;2;1;2;2;3;3;1;2;2;2;2;2;2;2;2;2;2;2;;;;;;;;;;;;2;2;2;2;1;1;1;5;1;;;2
507865;237;1;1;1;38.5867099117052;10;1;1;2;2;2;1;2;6;1;1;2;2;2;2;2;2;2;2;2;2;1;1;2;2;2;1;2;2;2;2;2;2;2;2;2;2;2;;;;;;2;1
507869;237;1;1;1;43.3116288936379;2;1;3;1;2;2;2;2;2;2;1;2;2;2;1;2;2;2;2;2;2;1;1;2;2;2;2;2;2;2;2;2;2;2;2;2;2;2;;;;;;6;2
507887;237;1;1;1;43.3719201725061;9;1;1;1;2;1;2;2;2;4;1;2;2;2;2;2;2;2;2;2;2;2;;;;;;;;;;;;2;1;2;2;1;2;2;5;1;;;1
507919;237;1;1;1;34.8997701745084;10;1;5;1;2;2;2;2;1;2;1;2;2;2;2;1;2;2;2;2;1;2;;;;;;;;;;;;2;2;2;2;2;;;;;;3;2
507958;237;1;1;1;45.5953290850389;8;1;1;1;2;1;2;2;3;4;1;2;1;2;2;2;2;2;2;2;2;2;;;;;;;;;;;;2;2;2;2;2;;;;;;7;2
507982;237;1;1;1;40.5867736769436;3;1;1;1;1;1;2;2;5;4;1;1;2;2;2;2;2;2;2;2;2;2;;;;;;;;;;;;2;1;2;2;1;1;1;3;2;3;;2
508014;237;1;1;1;43.9995259059486;12;1;3;1;2;2;2;2;2;3;1;2;2;2;1;2;2;2;2;2;1;1;1;2;2;2;2;2;1;2;2;2;2;2;2;2;2;2;;;;;;3;2
508050;237;1;1;1;84.8048845881932;4;1;2;1;2;2;2;2;2;4;1;2;2;2;1;2;2;2;2;2;2;2;;;;;;;;;;;;2;2;2;2;2;;;;;;3;2
508119;237;1;1;1;102.587542727583;9;1;3;1;1;1;2;2;4;4;2;;;;;;2;2;2;2;2;2;;;;;;;;;;;;2;;2;2;2;;;;;;3;2
508316;237;1;1;1;81.9763935608329;2;1;1;2;1;2;2;2;1;4;2;;;;;;2;2;2;2;2;1;1;2;2;2;2;2;2;2;2;2;2;2;2;2;2;2;;;;;;6;2
508395;237;1;1;1;314.8727902793;10;1;3;2;1;2;1;2;4;4;2;;;;;;2;2;2;2;2;1;2;2;2;2;1;2;2;2;2;2;2;2;2;2;1;1;1;1;4;2;1;;2
508410;237;1;1;1;408.960614369253;3;2;1;1;1;1;2;2;4;1;1;1;1;2;2;2;2;2;2;2;2;1;2;2;2;2;2;2;1;2;2;2;2;2;2;2;2;1;2;2;2;2;1;;2
508429;237;1;1;1;383.613830529049;12;1;4;1;2;1;2;2;2;4;1;1;2;2;2;2;2;2;2;2;2;2;;;;;;;;;;;;2;2;2;2;2;;;;;;6;2
508431;237;1;1;1;504.88374941206;12;1;3;2;1;2;2;2;2;4;2;;;;;;2;2;2;2;2;2;;;;;;;;;;;;2;2;2;2;2;;;;;;5;2
508511;237;1;1;1;929.139686809145;4;2;9;2;1;2;2;2;5;2;2;;;;;;2;2;2;2;2;2;;;;;;;;;;;;2;2;2;2;2;;;;;;4;2
508523;237;1;1;1;1043.869840676;6;1;1;1;2;2;2;2;5;3;2;;;;;;2;2;2;2;2;1;2;2;2;2;1;2;2;2;2;2;2;2;2;2;2;2;;;;;;3;2
508543;237;1;1;1;1070.265344115;10;1;1;2;2;2;2;1;3;3;1;2;2;2;2;2;2;2;2;2;1;1;2;2;2;2;1;2;2;2;2;2;2;2;2;2;2;2;;;;;;4;2
508549;237;1;1;1;1138.76382517431;8;1;1;1;1;2;2;2;6;4;2;;;;;;2;2;2;2;2;2;;;;;;;;;;;;2;2;2;1;1;1;1;1;1;;;2
508553;237;1;1;1;929.139686809145;12;1;1;1;2;2;2;2;6;9;2;;;;;;2;2;2;2;2;2;;;;;;;;;;;;1;2;2;2;1;1;1;4;2;1;;2
508618;237;1;1;1;1312.27759710747;11;1;2;2;2;1;2;2;6;3;1;2;2;2;2;2;2;2;2;2;2;1;1;2;1;1;2;2;2;2;2;2;2;2;2;2;1;1;2;2;2;2;1;;2
508641;237;1;1;1;515.798690090831;12;1;6;2;2;1;2;2;3;2;1;2;2;2;2;2;2;2;2;2;2;1;1;2;2;2;1;2;2;2;2;2;2;2;1;2;2;1;1;1;1;1;;;2
508652;237;1;1;1;490.047255449381;8;1;2;2;2;1;2;2;1;3;1;2;2;2;1;2;2;2;2;2;1;2;;;;;;;;;;;;2;;2;1;1;1;1;1;1;;;1
508851;237;1;1;1;481.564951721477;5;1;6;1;2;1;2;2;4;3;2;;;;;;2;2;2;2;1;1;1;2;1;2;1;2;2;2;2;2;2;2;2;2;2;2;;;;;;8;2
508889;237;1;1;1;92.0464413358518;9;1;3;2;2;2;1;2;2;2;2;;;;;;2;2;2;2;2;2;;;;;;;;;;;;2;2;2;2;2;;;;;;3;2
508938;237;1;1;1;1065.644797626;10;1;2;2;2;1;2;2;1;9;1;2;2;2;2;2;2;2;2;2;2;2;;;;;;;;;;;;2;2;2;2;2;;;;;;6;2
509034;237;1;1;1;71.9997342870076;10;1;3;2;1;2;2;2;1;1;1;2;2;2;2;2;2;2;2;2;2;2;;;;;;;;;;;;2;2;2;2;2;;;;;;6;2
509126;237;1;1;1;78.7441980567817;2;1;1;2;2;1;2;2;2;1;2;;;;;;2;2;2;2;1;1;2;2;2;1;2;2;2;2;2;2;2;2;2;2;2;2;;;;;;6;2
509127;237;1;1;1;102.687104632727;8;1;1;1;1;2;2;2;3;3;2;;;;;;2;2;2;2;2;2;;;;;;;;;;;;2;2;2;2;2;;;;;;3;2
509194;237;1;1;1;108.63918132189;11;1;6;2;1;2;2;2;3;2;2;;;;;;2;2;2;2;2;2;;;;;;;;;;;;2;2;2;2;2;;;;;;3;2
509196;237;1;1;1;95.9944019934895;9;1;1;2;1;1;2;2;4;2;2;;;;;;2;2;2;2;2;2;;;;;;;;;;;;2;2;2;2;2;;;;;;3;2
509200;237;1;1;1;98.4388827681744;9;1;1;2;1;2;2;2;2;3;2;;;;;;2;2;2;2;2;2;;;;;;;;;;;;2;2;2;2;2;;;;;;3;2
509207;237;1;1;1;96.906619582346;11;1;6;2;1;2;2;2;4;1;1;2;2;2;2;2;2;2;2;2;2;2;;;;;;;;;;;;2;2;2;2;2;;;;;;7;2
509222;237;1;1;1;78.8133490738489;8;1;6;1;2;2;2;2;4;1;2;;;;;;2;2;2;2;2;1;1;2;2;2;2;2;2;2;2;2;2;2;2;2;1;1;1;1;5;1;;;2
509243;237;1;1;1;349.267549824862;10;1;3;1;2;2;2;2;2;1;1;2;2;2;2;2;2;2;2;2;2;2;;;;;;;;;;;;2;2;2;2;2;;;;;;1;2
509276;237;1;1;1;270.675976898325;11;1;3;2;2;2;1;2;3;1;1;2;2;2;2;2;2;2;2;2;2;2;;;;;;;;;;;;2;2;2;2;2;;;;;;3;2
509311;237;1;1;1;250.981397369468;8;1;1;2;2;2;1;2;2;1;1;2;2;2;2;2;2;2;2;1;2;2;;;;;;;;;;;;2;1;2;2;1;3;1;4;2;3;;2
509316;237;1;1;1;268.179618281176;3;1;6;1;1;2;2;2;4;1;1;2;2;2;2;2;2;1;2;2;2;1;1;2;1;1;1;1;2;2;2;2;2;2;2;2;2;2;;;;;;3;2
509320;237;1;1;1;338.820634641507;1;1;3;2;1;2;2;2;2;1;1;2;2;2;2;2;2;2;2;2;2;1;1;2;1;2;1;2;2;2;2;2;2;1;1;2;2;2;;;;;;6;1
509466;237;1;1;1;36.944717863508;7;1;4;1;2;1;2;2;2;2;1;2;1;2;2;2;1;2;2;2;1;2;;;;;;;;;;;;2;2;2;2;2;;;;;;2;2
509574;237;1;1;1;60.3606842799378;10;1;1;1;1;1;2;2;6;4;2;;;;;;2;2;2;2;2;2;;;;;;;;;;;;2;1;2;2;1;2;1;1;1;;;2
509595;237;1;1;1;73.3370449065971;6;1;5;1;2;1;2;2;3;3;1;2;2;2;2;2;2;2;2;2;2;2;;;;;;;;;;;;2;1;2;2;1;2;2;2;1;;;2
509638;237;1;1;1;65.4788840506923;8;2;6;1;1;1;2;2;5;4;1;2;2;2;2;2;2;2;2;2;2;1;2;2;2;2;2;2;1;2;2;2;2;2;2;2;2;2;;;;;;3;2
509661;237;1;1;1;53.2352428495451;6;1;6;2;1;1;2;2;2;2;2;;;;;;2;2;2;2;2;2;;;;;;;;;;;;2;2;2;2;2;;;;;;3;2
509819;237;1;1;1;66.377732469308;3;1;1;1;1;2;2;2;4;1;1;2;2;2;2;2;2;2;2;2;2;1;1;2;2;2;2;2;2;2;2;2;2;2;2;2;2;2;;;;;;6;2
509841;237;1;1;1;536.107414243149;11;1;1;2;2;2;2;1;2;1;1;2;2;2;2;2;2;2;2;2;1;2;;;;;;;;;;;;2;2;2;2;2;;;;;;3;2
509869;237;1;1;1;322.879028041788;2;1;3;2;2;1;2;2;4;2;2;;;;;;2;2;2;2;2;1;1;2;1;2;2;2;2;2;2;2;2;2;2;2;2;2;;;;;;2;2
510072;237;1;1;1;45.5866552943701;12;1;4;1;2;1;2;2;2;4;1;1;2;2;2;2;2;2;2;2;1;1;1;2;2;2;2;2;2;2;2;2;2;2;2;2;2;2;;;;;;6;2
510073;237;1;1;1;66.7268063155006;9;1;2;1;2;2;2;2;2;3;2;;;;;;2;2;2;2;2;2;;;;;;;;;;;;2;2;2;2;2;;;;;;3;2
510074;237;1;1;1;91.1462827449477;4;1;7;1;2;2;2;2;2;4;2;;;;;;2;2;2;2;2;2;;;;;;;;;;;;2;2;2;2;2;;;;;;3;2
510112;237;1;1;1;92.1170410561189;9;1;3;1;2;2;2;2;2;3;2;;;;;;2;1;2;2;2;2;;;;;;;;;;;;2;1;2;2;1;2;2;5;1;;;2
510116;237;1;1;1;86.7438403450121;10;1;3;1;2;2;2;2;2;2;1;2;2;2;2;2;2;2;2;2;2;2;;;;;;;;;;;;2;1;2;2;1;3;1;1;1;;;2
510131;237;1;1;1;37.4532448470317;6;1;6;2;1;2;2;2;1;4;1;2;2;2;2;2;2;2;2;2;1;1;2;2;2;2;1;2;2;2;2;2;2;2;2;2;2;2;;;;;;6;2
510205;237;1;1;1;1133.86822910481;8;1;1;1;1;1;1;2;2;1;2;;;;;;2;2;2;2;2;2;;;;;;;;;;;;2;;2;2;2;;;;;;3;2
510468;237;1;1;1;117.968519758858;10;1;3;1;1;1;2;2;4;3;2;;;;;;2;2;2;2;2;1;1;2;2;2;2;2;2;2;2;2;2;2;1;2;2;1;3;1;5;1;;;2
510604;237;1;1;1;894.846159906051;12;1;3;1;1;1;2;2;4;1;1;1;2;2;2;2;2;2;2;2;1;1;1;2;2;2;2;2;2;2;2;2;2;1;2;2;2;1;2;2;4;1;;;2
510629;237;1;1;1;777.798793972469;1;1;1;2;1;2;2;2;3;3;2;;;;;;2;2;2;1;2;1;2;2;2;1;2;2;2;2;2;2;2;1;2;2;2;2;;;;;;3;2
510687;237;1;1;1;959.951909098321;12;1;1;1;2;1;2;2;5;9;2;;;;;;2;2;2;2;2;2;;;;;;;;;;;;2;1;2;2;1;3;1;1;2;2;;2
510711;237;1;1;1;697.975823283243;12;1;1;1;1;2;2;2;5;1;1;2;2;2;2;2;2;2;2;2;2;1;1;2;1;2;1;2;2;2;2;2;2;2;1;2;2;1;3;1;2;2;5;;2
510723;237;1;1;1;1176.14078955761;6;1;1;1;1;1;2;2;5;1;2;;;;;;2;2;2;2;1;1;2;2;2;2;1;2;2;2;2;2;2;2;2;2;2;2;;;;;;10;2
510731;237;1;1;1;945.233320338021;1;2;1;2;1;1;1;2;5;3;2;;;;;;2;2;2;2;2;1;2;2;2;2;2;2;1;2;2;2;2;2;2;2;2;2;;;;;;3;2
510740;237;1;1;1;1001.98460691068;11;1;1;2;1;2;2;2;4;4;2;;;;;;2;2;2;2;2;2;;;;;;;;;;;;2;2;2;2;2;;;;;;3;2
510805;237;1;1;1;585.962352694281;4;2;1;2;2;2;1;2;3;2;2;;;;;;2;2;2;2;2;2;;;;;;;;;;;;2;;2;1;1;1;1;1;2;2;;2
510855;237;1;1;1;74.1657537923191;10;1;3;2;2;1;2;2;1;2;1;2;2;2;2;2;2;2;2;2;2;1;2;2;2;2;1;2;2;2;2;2;2;2;2;2;2;2;;;;;;7;2
510867;237;1;1;1;56.7800503817185;1;1;1;1;2;1;2;2;3;2;2;;;;;;2;2;2;2;1;1;2;2;2;2;1;2;2;2;2;2;2;2;1;2;2;1;2;2;5;1;;;2
510926;237;1;1;1;69.8742901915736;10;2;1;1;1;1;2;2;5;1;1;2;2;2;2;2;2;2;2;2;2;1;2;2;2;2;2;2;1;2;2;2;2;2;2;2;1;1;3;1;5;2;1;;2
510937;237;1;1;1;59.3520827172958;1;1;1;1;1;1;2;2;5;4;2;;;;;;2;1;2;2;2;1;1;2;2;2;2;2;2;2;2;2;2;2;2;2;2;1;2;2;4;2;5;;2
511024;237;1;1;1;64.9196616087182;9;1;6;2;1;2;2;2;1;4;1;2;2;2;2;2;2;2;2;2;2;2;;;;;;;;;;;;2;2;2;2;2;;;;;;3;2
511083;237;1;1;1;80.7297571469377;11;1;1;2;1;2;2;2;1;1;1;2;2;2;2;2;2;2;2;2;2;1;2;2;2;2;1;2;2;2;2;2;2;2;2;2;2;2;;;;;;3;2
511097;237;1;1;1;93.5499212188046;10;1;1;2;1;2;2;2;2;1;1;2;2;2;2;2;2;2;2;2;2;2;;;;;;;;;;;;2;2;2;2;2;;;;;;3;2
511108;237;1;1;1;65.0324195379218;6;1;3;2;1;2;2;2;2;1;1;2;2;2;2;2;2;2;2;2;2;2;;;;;;;;;;;;2;2;2;2;2;;;;;;1;2
511116;237;1;1;1;81.0965240441265;7;1;6;2;1;2;2;2;2;1;1;2;2;2;2;2;2;1;2;2;2;1;1;2;2;2;2;2;2;2;2;2;2;2;2;2;2;2;;;;;;3;2
511123;237;1;1;1;105.282573904331;2;1;6;2;1;2;1;2;2;4;1;2;2;2;2;2;2;2;2;2;2;1;2;2;2;2;1;2;2;2;2;2;2;2;2;2;2;2;;;;;;3;2
511144;237;1;1;1;165.579985485684;10;1;3;2;2;2;2;1;2;1;1;2;2;2;2;2;2;2;2;2;2;1;2;2;2;2;1;2;2;2;2;2;2;2;2;2;2;2;;;;;;6;2
511340;237;1;1;1;40.5988441601227;9;1;3;1;2;2;2;2;4;3;2;;;;;;2;2;2;2;2;2;;;;;;;;;;;;2;2;2;2;2;;;;;;3;2
511343;237;1;1;1;43.5319797076689;3;1;3;2;2;1;2;2;4;2;1;2;2;2;2;2;2;2;2;2;2;2;;;;;;;;;;;;2;2;2;2;2;;;;;;6;2
511347;237;1;1;1;39.5162734134292;6;1;2;1;2;2;2;2;3;9;1;2;2;2;2;2;2;2;2;2;2;1;1;2;2;2;2;2;2;2;2;2;2;2;2;2;2;2;;;;;;3;2
511432;237;1;1;1;61.1489712133037;9;1;5;2;2;1;2;2;1;2;1;2;2;2;2;2;2;2;2;2;2;1;1;2;2;2;2;2;2;2;2;2;2;2;2;2;2;2;;;;;;1;2
511471;237;1;1;1;58.9048809721532;6;1;6;1;1;1;1;2;5;4;2;;;;;;2;2;2;2;2;1;1;2;1;2;1;2;2;2;2;2;1;1;1;2;2;1;2;2;4;1;;;2
511504;237;1;1;1;63.0095404302173;2;1;1;2;2;2;1;2;5;1;1;2;2;2;2;2;2;2;2;2;2;1;2;2;2;1;2;1;2;2;2;2;2;2;2;2;2;2;;;;;;3;2
511577;237;1;1;1;63.6394487324689;1;1;6;2;2;2;1;2;3;1;1;2;2;2;2;2;2;2;2;2;2;1;1;2;2;2;1;2;2;2;2;2;2;2;2;2;2;2;;;;;;3;2
511727;237;1;1;1;63.0135454229064;4;1;3;1;1;2;2;2;2;2;1;2;1;2;2;2;2;2;2;2;2;1;2;2;2;2;2;1;2;2;1;2;2;1;1;2;2;2;;;;;;8;1
511753;237;1;1;1;54.1731570099457;9;1;1;1;1;2;1;2;5;9;2;;;;;;2;2;2;2;1;1;1;2;2;2;1;2;2;2;2;2;2;2;1;2;2;1;2;1;2;1;;;2
511828;237;1;1;1;289.526161074102;1;1;1;1;2;2;2;2;2;2;1;2;2;2;2;2;2;2;2;2;2;2;;;;;;;;;;;;1;1;2;2;1;3;1;3;2;1;;2
512071;237;1;1;1;37.1097808452114;2;1;5;1;2;2;2;2;3;3;1;2;2;2;2;2;2;2;2;2;2;2;;;;;;;;;;;;1;2;2;2;1;1;1;2;1;;;2
512187;237;1;1;1;85.2348178137653;7;1;1;2;2;2;1;2;4;3;2;;;;;;2;2;2;2;2;2;;;;;;;;;;;;2;2;2;2;2;;;;;;3;2
512549;237;1;1;1;158.451133769202;6;1;1;1;1;1;2;2;6;1;1;1;1;2;2;2;2;2;2;1;1;1;1;2;2;1;1;2;2;2;2;2;2;1;1;2;2;1;2;2;5;2;1;;2
512649;237;1;1;1;705.502185608497;11;1;1;1;2;2;2;2;2;4;2;;;;;;2;2;2;2;2;2;;;;;;;;;;;;2;2;2;2;2;;;;;;6;2
512660;237;1;1;1;1000.60913915389;11;1;1;2;1;1;2;2;2;2;2;;;;;;2;2;2;2;2;1;1;2;2;2;2;2;2;2;2;2;2;2;2;2;2;2;;;;;;4;2
512738;237;1;1;1;887.042117212494;12;1;6;1;2;2;2;2;2;1;1;2;2;2;2;2;2;2;2;2;2;1;2;2;2;2;1;2;2;2;2;2;2;1;2;2;2;2;;;;;;1;2
512750;237;2;2;1;1020.38523801795;12;1;7;1;2;1;2;2;6;1;2;;;;;;2;2;2;2;2;1;2;2;2;2;1;2;2;2;2;1;2;1;1;1;1;1;1;1;5;2;2;;2
512783;237;1;1;1;1919.90381819664;1;1;3;2;2;2;2;1;2;1;1;2;2;2;2;2;2;2;2;2;2;2;;;;;;;;;;;;2;2;2;2;2;;;;;;1;2
512819;237;1;1;1;959.951909098321;7;2;1;2;1;2;2;2;5;3;2;;;;;;2;2;2;2;2;1;2;2;2;1;2;2;2;2;2;2;2;1;2;2;2;1;3;1;1;2;1;;2
512867;237;1;1;1;1033.41104233378;7;1;1;2;1;2;2;2;4;3;2;;;;;;2;2;2;2;2;2;;;;;;;;;;;;2;2;2;2;2;;;;;;4;2
512883;237;1;1;1;2216.88435138975;12;1;1;2;1;2;2;2;3;4;2;;;;;;2;2;2;2;2;2;;;;;;;;;;;;2;;2;2;2;;;;;;6;2
512894;237;1;1;1;1249.22485131721;6;1;6;1;2;2;2;2;2;9;2;;;;;;2;2;2;2;1;1;2;2;2;2;1;2;2;2;2;2;2;2;2;2;2;2;;;;;;6;2
512917;237;1;1;1;2827.43026363363;11;1;2;1;2;2;2;2;1;2;1;2;2;2;2;2;2;2;2;2;2;1;2;2;2;2;2;2;2;2;2;2;2;2;;2;2;2;;;;;;5;2
512946;237;1;1;1;60.3087310438454;12;1;1;1;2;2;2;2;4;3;2;;;;;;2;2;2;2;2;2;;;;;;;;;;;;2;2;2;2;2;;;;;;6;2
512954;237;1;1;1;74.1657537923191;5;1;3;1;2;2;2;2;2;3;2;;;;;;2;2;2;2;2;2;;;;;;;;;;;;2;2;2;2;2;;;;;;7;2
512993;237;1;1;1;64.3415891200165;10;1;1;1;1;1;2;1;3;1;1;2;2;2;2;1;2;2;2;2;2;1;1;2;1;2;1;2;2;2;2;2;2;2;2;2;2;2;;;;;;1;2
513014;237;1;1;1;75.3531560675382;2;1;1;1;2;1;1;2;6;3;2;;;;;;2;2;2;2;1;1;1;2;1;2;1;2;2;2;2;2;2;2;1;2;2;1;4;;1;;;;2
513106;237;1;1;1;1914.32742323208;7;1;1;1;2;1;2;2;5;4;2;;;;;;2;2;2;2;1;1;1;2;2;2;1;2;2;2;2;2;2;1;;2;2;2;;;;;;3;2
513108;237;1;1;1;1382.50502124308;2;1;3;1;2;1;2;2;5;3;1;2;2;2;2;2;2;2;2;2;2;1;1;2;2;2;2;2;2;2;2;2;2;2;;2;2;2;;;;;;6;2
513175;237;1;1;1;122.485118127189;12;1;6;2;2;1;2;2;2;9;2;;;;;;2;2;2;2;2;1;1;2;2;2;2;2;2;2;2;2;2;2;2;2;2;2;;;;;;3;2
513220;237;1;1;1;93.3611197070076;7;1;2;1;2;2;2;2;2;2;1;2;1;2;2;2;2;2;2;2;2;2;;;;;;;;;;;;2;2;2;2;2;;;;;;6;2
513296;237;1;1;1;90.7698315356044;1;1;3;2;2;2;1;2;2;1;1;2;2;2;2;2;2;2;2;2;2;1;2;2;2;2;1;2;2;2;2;2;2;2;2;2;2;2;;;;;;4;2
513304;237;1;1;1;85.9854855934963;12;1;3;2;1;2;2;2;1;1;1;2;2;2;2;2;2;2;2;2;2;2;;;;;;;;;;;;2;2;2;2;2;;;;;;6;2
513306;237;1;1;1;61.2811123862922;4;1;6;1;2;2;2;2;2;1;1;2;2;2;2;2;2;2;2;2;2;1;1;2;2;2;2;2;2;2;2;2;2;2;2;2;2;2;;;;;;3;2
513308;237;1;1;1;47.6694576720104;10;1;6;2;2;2;1;2;3;1;1;2;2;2;2;2;2;2;2;2;2;1;1;2;2;2;1;2;2;2;2;2;2;2;2;2;2;2;;;;;;6;2
513319;237;1;1;1;85.9854855934963;12;2;6;2;1;2;1;2;2;1;1;2;2;2;2;2;2;2;2;2;2;2;;;;;;;;;;;;2;2;2;2;2;;;;;;5;2
513320;237;1;1;1;120.180451853694;6;1;1;1;1;2;2;2;4;3;2;;;;;;2;2;2;2;2;1;2;2;2;2;1;2;2;2;2;2;2;2;1;2;2;2;;;;;;8;2
513326;237;1;1;1;95.9944019934895;2;1;3;1;2;2;2;2;2;3;2;;;;;;2;2;2;2;2;2;;;;;;;;;;;;1;2;2;2;2;;;;;;8;2
513376;237;1;1;1;61.9908178870143;5;1;6;2;1;2;2;2;3;2;2;;;;;;2;2;2;2;2;2;;;;;;;;;;;;2;2;2;2;2;;;;;;3;2
513377;237;1;1;1;128.636501925995;6;1;3;1;2;2;2;2;4;2;1;1;2;2;2;2;2;2;2;2;2;2;;;;;;;;;;;;2;1;2;2;1;3;1;3;1;;;2
513396;237;1;1;1;83.5410048188114;10;1;6;2;1;2;1;2;4;1;1;2;2;2;2;2;2;2;2;2;2;1;2;2;2;2;1;2;2;2;2;2;2;2;1;2;2;1;1;1;5;2;4;;2
513405;237;1;1;1;140.893735918631;1;1;1;1;1;1;2;2;4;4;2;;;;;;2;2;2;2;1;1;1;2;2;2;1;2;2;2;2;2;2;2;1;2;2;2;;;;;;3;2
513406;237;1;1;1;81.4960618988234;2;1;6;2;2;2;1;2;3;1;1;2;2;2;2;2;2;2;2;2;2;1;2;2;2;2;1;2;2;2;2;2;2;2;2;2;2;2;;;;;;6;2
513433;237;1;1;1;81.7982605276107;12;1;1;2;1;1;2;2;2;2;2;;;;;;2;2;2;2;2;1;1;2;2;2;2;2;2;2;2;2;2;2;2;2;2;2;;;;;;3;2
513439;237;1;1;1;64.4559018035628;6;1;1;2;2;2;1;2;4;1;2;;;;;;2;2;2;2;2;2;;;;;;;;;;;;2;2;2;2;2;;;;;;3;2
513465;237;1;1;1;95.9944019934895;10;1;6;2;1;1;2;2;3;3;2;;;;;;2;2;2;2;2;1;1;2;2;2;2;1;2;2;2;2;2;1;1;2;2;2;;;;;;10;2
513497;237;1;1;1;248.773699446682;3;1;3;1;2;1;2;2;5;1;1;2;2;2;2;1;2;2;2;2;2;2;;;;;;;;;;;;2;2;2;1;1;1;1;2;2;1;;2
513508;237;1;1;1;276.950017543297;7;2;4;1;1;2;2;2;2;3;1;2;1;2;2;2;2;2;2;2;2;2;;;;;;;;;;;;2;1;2;2;2;;;;;;3;2
513509;237;1;1;1;257.182453860357;6;1;3;1;2;1;2;2;1;4;1;2;2;2;2;2;2;2;2;2;1;1;2;2;2;2;2;2;2;2;2;2;2;2;2;2;2;2;;;;;;8;2
513518;237;1;1;1;216.279713287716;1;1;5;1;2;2;2;2;1;1;1;2;2;2;2;2;2;2;2;2;2;2;;;;;;;;;;;;2;2;2;2;2;;;;;;6;2
513543;237;1;1;1;252.377407716186;9;1;6;1;1;1;2;1;6;1;2;;;;;;2;2;2;2;2;1;1;2;1;2;1;2;2;2;2;2;2;1;1;2;2;1;1;1;1;1;;;2
513547;237;1;1;1;257.182453860357;2;1;6;2;2;2;1;1;1;1;1;2;2;2;2;2;2;2;2;2;1;2;;;;;;;;;;;;2;2;2;2;2;;;;;;3;2
513557;237;1;1;1;250.981397369468;11;2;1;1;1;1;2;2;2;9;1;2;2;2;2;2;2;2;2;2;2;2;;;;;;;;;;;;2;2;2;2;2;;;;;;8;2
513662;237;1;1;1;42.4769755330917;10;2;1;2;2;1;2;2;2;3;2;;;;;;2;2;2;2;2;2;;;;;;;;;;;;1;1;1;2;1;2;2;1;1;;;2
513680;237;1;1;1;39.2778408165973;5;1;1;1;2;1;2;2;1;9;2;;;;;;2;2;2;2;2;2;;;;;;;;;;;;2;2;2;2;2;;;;;;3;2
513686;237;1;1;1;40.4175729835745;11;1;6;1;2;1;2;2;5;9;2;;;;;;2;2;2;2;1;2;;;;;;;;;;;;1;2;2;2;1;3;2;5;1;;;1
513740;237;1;1;1;1002.72587796365;12;2;1;2;2;2;1;2;3;4;2;;;;;;2;2;2;2;2;2;;;;;;;;;;;;2;2;2;2;2;;;;;;3;2
513836;237;1;1;1;1745.3672481477;8;1;3;1;1;2;2;2;3;3;2;;;;;;2;2;2;2;2;2;;;;;;;;;;;;2;2;2;2;2;;;;;;2;2
513915;237;1;1;1;66.7499814458803;8;1;1;1;2;1;2;2;2;1;1;2;2;2;2;2;2;2;2;2;2;2;;;;;;;;;;;;2;1;2;2;1;3;1;5;1;;;2
513995;237;1;1;1;61.1489712133037;9;1;5;1;1;1;2;2;6;2;1;2;2;2;2;1;2;2;2;2;2;1;1;2;2;2;1;2;2;2;2;2;2;1;1;2;2;1;1;1;5;2;4;;2
513996;237;1;1;1;58.8746978017294;3;1;2;1;2;1;2;2;6;2;1;2;2;2;2;1;2;2;2;2;1;1;1;2;2;2;1;2;2;2;2;2;2;1;1;2;2;1;3;2;4;2;2;;2
514040;237;1;1;1;67.3974393409893;8;2;6;1;2;2;1;2;3;1;1;2;2;2;2;2;2;2;2;2;2;2;;;;;;;;;;;;2;2;2;2;2;;;;;;5;2
514044;237;1;1;1;53.0027042493752;12;1;6;2;2;2;2;1;4;1;1;2;2;2;2;2;2;2;2;2;2;2;;;;;;;;;;;;1;2;2;1;2;;;;;;6;2
514079;237;1;1;1;59.143345518493;4;1;2;1;2;2;2;2;2;3;1;2;2;2;2;2;2;2;2;2;2;2;;;;;;;;;;;;2;2;2;2;1;1;1;1;1;;;1
514136;237;1;1;1;753.828528627377;2;1;3;2;1;2;2;2;2;9;2;;;;;;2;2;2;2;1;1;1;2;2;2;2;2;2;2;2;2;2;2;2;2;2;2;;;;;;6;2
514142;237;1;1;1;1445.04643956376;2;1;3;2;2;2;1;2;2;3;2;;;;;;2;2;2;2;2;1;1;2;2;2;2;2;2;2;2;2;2;2;;2;2;2;;;;;;3;2
514186;237;1;1;1;1384.80651542771;7;1;3;1;2;2;2;2;2;3;2;;;;;;2;2;2;2;1;1;1;2;2;2;2;2;2;2;2;2;2;2;;2;2;2;;;;;;6;1
514321;237;1;1;1;58.6662765949676;8;1;3;2;1;2;2;2;5;3;2;;;;;;2;2;2;2;2;1;2;2;2;2;1;2;2;2;2;2;2;2;2;2;2;2;;;;;;8;2
514348;237;1;1;1;318.463918750605;4;1;2;2;2;1;2;2;1;2;1;2;2;2;2;2;2;2;2;2;2;1;2;2;2;1;2;2;2;2;2;2;2;2;2;2;2;2;;;;;;8;2
514405;237;1;1;1;338.192206872872;11;1;3;1;2;2;2;2;3;3;1;1;2;2;2;2;2;2;2;2;2;2;;;;;;;;;;;;1;2;2;2;2;;;;;;3;2
514534;237;1;1;1;41.1298032566399;12;1;2;1;2;2;2;2;2;2;1;2;2;2;2;2;2;2;2;2;2;2;;;;;;;;;;;;2;2;2;2;2;;;;;;3;2
514542;237;1;1;1;43.3632463818372;3;1;1;2;2;1;2;2;2;4;1;2;2;2;2;2;2;2;2;2;1;2;;;;;;;;;;;;2;2;2;2;2;;;;;;3;2
514627;237;1;1;1;47.050613223192;2;1;4;1;2;2;2;2;3;3;1;1;2;2;2;2;2;2;2;2;2;2;;;;;;;;;;;;2;2;2;2;2;;;;;;7;2
514684;237;1;1;1;111.401444249249;3;1;6;1;2;2;2;2;2;1;2;;;;;;2;2;2;2;2;2;;;;;;;;;;;;2;2;2;2;2;;;;;;3;2
514729;237;1;1;1;350.598002580043;12;1;1;1;2;2;2;2;3;2;1;2;2;2;2;2;2;2;2;2;2;1;1;2;2;2;2;2;2;2;2;2;2;2;2;2;2;2;;;;;;6;2
514749;237;1;1;1;81.9763935608329;12;1;3;2;2;2;2;1;1;1;1;2;2;2;2;2;2;2;2;2;2;2;;;;;;;;;;;;2;2;2;2;2;;;;;;6;2
514755;237;1;1;1;84.8778720316235;12;1;3;2;1;2;2;2;4;1;1;2;2;2;2;2;2;2;2;2;2;1;2;2;2;2;1;2;2;2;2;2;2;2;2;2;2;2;;;;;;6;2
515021;237;1;1;1;1043.869840676;2;1;1;1;1;2;2;2;4;3;2;;;;;;2;2;2;2;1;1;1;2;2;2;2;2;2;2;2;2;2;1;2;2;2;1;1;1;3;1;;;2
515022;237;1;1;1;990.168573558135;7;1;5;1;2;1;2;2;5;2;2;;;;;;1;2;2;1;2;1;1;2;2;2;2;2;2;2;2;2;2;2;2;1;2;2;;;;;;7;2
515183;237;1;1;1;75.3531560675382;10;2;1;1;2;2;2;1;5;1;2;;;;;;2;2;2;2;2;2;;;;;;;;;;;;2;2;2;2;2;;;;;;3;2
515194;237;1;1;1;67.4146313457026;11;1;6;1;2;1;2;2;3;1;1;2;2;2;2;2;2;2;2;2;2;1;2;2;2;2;1;2;2;2;2;2;2;2;2;2;2;2;;;;;;7;2
515238;237;1;1;1;70.1524683715037;3;1;2;1;2;1;2;2;2;2;1;2;2;2;2;1;2;2;2;2;1;1;1;2;2;2;2;2;2;2;2;2;2;2;2;2;2;2;;;;;;7;2
515249;237;1;1;1;59.3520827172958;6;1;3;1;2;1;2;2;5;3;1;2;2;2;2;2;2;2;2;2;2;1;1;2;2;2;2;2;2;2;2;2;2;2;2;2;2;2;;;;;;1;2
515282;237;1;1;1;67.4146313457026;1;1;3;1;2;2;2;2;3;3;1;2;2;2;2;2;2;2;2;2;1;2;;;;;;;;;;;;2;2;2;2;2;;;;;;3;2
515296;237;1;1;1;64.1592126843544;11;2;3;1;1;1;1;2;5;4;1;2;2;2;1;1;2;2;2;2;2;1;2;2;2;2;2;2;1;2;2;2;2;2;2;2;2;2;;;;;;3;2
515310;237;1;1;1;1627.49954266741;12;1;5;2;2;1;2;2;5;2;1;2;2;2;2;1;2;2;2;2;2;2;;;;;;;;;;;;2;1;2;2;1;2;2;1;1;;;2
515416;237;1;1;1;344.67139804155;7;1;1;2;2;2;1;2;6;4;2;;;;;;2;2;2;2;1;1;1;2;2;2;2;2;2;2;2;2;2;2;2;2;1;1;3;1;5;2;2;;2
515422;237;1;1;1;1127.73363057906;12;1;1;1;2;1;1;2;5;2;2;;;;;;2;2;2;2;1;2;;;;;;;;;;;;2;;2;2;2;;;;;;3;2
515446;237;1;1;1;72.5762520213666;11;1;3;2;2;2;2;1;1;4;1;2;2;2;2;2;2;2;2;2;2;2;;;;;;;;;;;;2;2;2;2;2;;;;;;1;2
515491;237;1;1;1;77.3730587833963;5;1;6;2;1;2;2;2;1;1;1;2;2;2;2;2;2;2;2;2;2;2;;;;;;;;;;;;2;2;2;2;2;;;;;;6;2
515494;237;1;1;1;104.450452065791;4;1;2;1;2;2;2;2;3;2;1;2;2;2;2;2;2;2;2;2;2;1;2;2;2;2;2;2;2;2;2;2;2;1;2;2;2;1;2;2;2;1;;;2
515544;237;1;1;1;80.1200845048115;2;1;2;2;1;1;2;2;3;2;1;2;2;2;2;2;2;1;2;2;2;2;;;;;;;;;;;;2;2;2;2;2;;;;;;5;1
515565;237;1;1;1;224.302079223807;12;1;3;1;2;2;2;2;3;1;2;;;;;;2;2;2;2;2;1;2;2;2;2;2;1;2;2;2;2;2;1;2;2;2;2;;;;;;3;2
515790;237;1;1;1;56.8223325860162;12;1;1;1;1;1;1;2;6;4;2;;;;;;2;2;2;1;2;1;1;2;2;2;1;2;2;2;2;2;2;2;1;2;2;1;2;2;2;1;;;2
515913;237;1;1;1;74.3926178621974;11;1;1;1;2;2;2;2;4;2;2;;;;;;2;2;2;2;2;1;2;2;2;2;1;2;2;2;2;2;2;2;2;2;2;2;;;;;;5;2
515979;237;1;1;1;64.4928647493841;4;1;5;1;2;1;2;2;6;3;1;1;2;2;1;2;2;1;2;1;2;1;1;1;1;1;1;2;2;2;2;2;2;1;1;2;2;1;2;1;2;1;;;2
516019;237;1;1;1;50.4693763885473;7;1;2;1;2;1;2;2;5;2;1;2;2;2;2;2;2;2;2;2;2;1;1;2;2;2;2;2;2;2;2;2;2;2;2;2;2;2;;;;;;8;2
516089;237;1;1;1;37.6469796346591;1;1;1;2;1;2;2;2;3;4;1;2;2;2;2;2;2;2;2;1;2;1;2;2;2;1;2;2;2;2;2;2;2;2;;2;1;1;1;1;5;1;;;2
516223;237;1;1;1;315.561857988153;12;1;3;2;2;1;2;2;6;3;1;2;1;2;2;2;2;2;2;2;2;1;2;1;2;2;2;2;2;1;2;2;2;1;1;2;2;1;1;1;2;2;4;;2
516271;237;1;1;1;1135.46484356759;3;1;2;1;2;2;2;2;2;4;2;;;;;;2;2;2;2;2;2;;;;;;;;;;;;2;;2;2;2;;;;;;8;2
516285;237;1;1;1;649.372177924294;3;1;1;2;2;2;1;2;2;3;2;;;;;;2;2;2;2;2;2;;;;;;;;;;;;2;;2;2;2;;;;;;6;2
516368;237;1;1;1;46.0671943187283;1;1;3;1;2;2;2;2;1;1;1;2;2;2;2;2;2;2;2;2;2;2;;;;;;;;;;;;2;1;2;2;2;;;;;;6;2
516389;237;1;1;1;45.6040028757077;6;1;3;1;2;2;2;2;4;3;2;;;;;;2;2;2;2;1;2;;;;;;;;;;;;2;2;2;2;2;;;;;;8;2
516709;237;1;1;1;414.692401548816;6;1;1;1;2;2;2;2;3;1;1;2;2;2;2;2;2;2;2;2;2;2;;;;;;;;;;;;2;2;2;2;2;;;;;;6;2
516751;237;1;1;1;123.966341029456;10;1;1;1;1;2;2;2;5;1;1;2;2;2;2;2;2;2;2;2;1;1;1;2;2;2;2;2;2;2;2;2;2;2;1;2;2;1;1;1;1;1;;;2
516766;237;1;1;1;118.667653294793;4;1;1;1;2;1;2;2;5;1;1;2;2;2;2;2;2;2;2;2;2;1;1;2;2;2;1;2;2;2;2;2;2;2;2;2;2;2;;;;;;6;2
516785;237;1;1;1;118.498816835086;8;1;1;1;2;1;2;2;4;1;1;2;2;2;2;2;2;2;2;2;2;2;;;;;;;;;;;;2;2;2;2;2;;;;;;1;2
516799;237;1;1;1;81.1186901407093;10;1;1;1;2;2;1;2;4;1;1;2;2;2;2;2;2;2;2;2;2;1;1;2;2;2;1;2;2;2;2;2;2;2;1;2;2;1;1;1;5;1;;;2
516819;237;1;1;1;85.1234837912649;6;1;6;1;1;2;2;2;3;1;2;;;;;;2;2;2;2;1;2;;;;;;;;;;;;2;2;2;1;2;;;;;;3;2
516821;237;1;1;1;84.5583837773573;6;1;1;2;1;2;2;2;3;1;1;2;2;2;2;2;2;2;2;2;2;2;;;;;;;;;;;;2;2;2;2;2;;;;;;3;2
516888;237;1;1;1;2012.74852052889;7;1;2;2;2;2;1;2;3;1;1;2;2;2;2;2;2;2;2;2;2;1;1;2;2;2;1;2;2;2;2;2;2;2;2;2;2;2;;;;;;3;1
517056;237;1;1;1;947.475446132122;10;1;3;1;1;2;2;1;4;2;1;2;2;2;2;2;2;2;2;2;1;1;1;2;2;2;1;2;2;2;2;2;2;2;2;2;2;2;;;;;;3;2
517079;237;1;1;1;979.451147926706;11;1;1;1;1;2;1;2;4;2;1;2;2;2;2;2;2;2;2;2;2;1;1;2;2;1;1;2;2;2;2;2;2;2;2;2;2;2;;;;;;9;2
517089;237;1;1;1;917.258781672308;7;1;1;1;2;2;2;2;2;1;1;2;2;2;2;2;2;2;2;1;2;2;;;;;;;;;;;;2;2;2;2;2;;;;;;3;2
517125;237;1;1;1;1148.4024101375;12;2;1;1;2;2;2;2;2;3;2;;;;;;2;2;2;2;2;2;;;;;;;;;;;;2;2;2;2;2;;;;;;3;2
517263;237;1;1;1;64.1592126843544;10;1;7;1;1;1;1;1;6;1;1;2;2;2;2;1;2;2;2;1;1;1;2;2;2;1;1;2;2;2;2;2;2;1;2;2;2;1;2;2;2;1;;;2
517268;237;1;1;1;59.8304947417043;1;2;1;1;1;1;2;2;6;4;2;;;;;;2;2;2;2;1;1;2;2;2;1;1;2;2;2;2;2;2;1;1;2;2;2;;;;;;8;2
517321;237;1;1;1;99.8541256723421;10;1;7;2;2;2;2;1;2;1;1;2;2;2;2;2;2;2;2;2;1;1;2;1;1;2;2;2;2;2;2;2;2;2;2;2;2;2;;;;;;2;2
517322;237;1;1;1;99.7440917488006;9;1;1;1;1;2;2;2;4;1;2;;;;;;2;2;2;2;1;1;2;2;2;2;1;2;2;2;2;2;2;1;2;2;2;2;;;;;;3;2
517326;237;1;1;1;63.6454676694733;2;1;1;1;1;1;1;2;6;2;1;1;2;2;2;2;2;2;2;2;2;1;1;2;2;2;1;2;2;2;2;2;2;2;1;2;2;2;;;;;;4;2
517349;237;1;1;1;67.4724895709183;9;1;3;2;1;2;2;2;2;2;1;2;2;2;2;2;2;2;2;2;2;2;;;;;;;;;;;;2;2;2;2;2;;;;;;6;2
517412;237;1;1;1;65.6667293130866;2;1;7;2;2;2;2;1;2;4;1;2;2;2;2;2;2;2;2;2;2;2;;;;;;;;;;;;2;2;2;2;2;;;;;;6;2
517445;237;1;1;1;906.848593369963;11;1;1;1;2;1;2;2;3;2;2;;;;;;2;2;2;2;2;2;;;;;;;;;;;;2;;2;2;2;;;;;;3;2
517451;237;1;1;1;1153.15973503427;3;1;1;1;1;2;2;2;5;4;2;;;;;;2;2;2;2;2;2;;;;;;;;;;;;2;;2;1;1;1;1;2;2;2;;2
517452;237;1;1;1;1336.1186437635;12;1;6;2;2;2;1;2;3;4;2;;;;;;2;2;2;2;2;2;;;;;;;;;;;;2;;2;2;2;;;;;;3;2
517458;237;1;1;1;95.9944019934895;8;2;6;2;1;2;2;2;2;1;1;1;1;1;1;1;2;2;2;2;1;1;2;2;2;2;2;2;1;2;2;2;2;2;1;2;2;1;1;1;2;1;;;2
517472;237;1;1;1;100.66758514259;12;1;3;2;2;2;2;1;1;1;1;2;2;2;2;2;2;2;2;2;2;2;;;;;;;;;;;;2;2;2;2;2;;;;;;6;2
517474;237;1;1;1;47.0929399376513;5;1;3;2;2;2;2;1;2;1;1;2;2;2;2;2;2;2;2;2;2;1;1;2;2;2;1;2;2;2;2;2;2;2;2;2;2;1;4;;1;;;;2
517556;237;1;1;1;89.2168742619304;2;1;6;1;2;2;2;2;2;1;1;2;2;2;2;2;2;2;2;2;1;2;;;;;;;;;;;;2;2;2;2;2;;;;;;6;2
517571;237;1;1;1;79.3537797529258;9;1;6;2;1;2;2;2;4;4;2;;;;;;2;2;2;2;2;1;1;2;2;2;2;2;2;2;2;2;2;2;1;2;2;2;;;;;;7;2
517840;237;1;1;1;1739.37759463186;7;1;2;2;2;2;1;2;4;2;1;2;2;2;2;2;2;2;2;2;2;2;;;;;;;;;;;;2;2;2;2;1;2;2;5;2;2;;2
517886;237;1;1;1;2982.40456231099;12;1;1;2;2;1;2;2;6;4;1;1;2;2;2;2;2;2;2;2;2;2;;;;;;;;;;;;2;2;2;2;1;1;1;5;2;4;;2
517936;237;1;1;1;673.993515540512;6;1;1;2;1;2;1;2;3;4;2;;;;;;2;2;2;2;1;1;1;2;1;2;1;2;2;2;2;2;2;2;2;2;2;2;;;;;;3;2
517952;237;1;1;1;595.636033139001;3;1;3;1;2;2;2;2;2;4;2;;;;;;2;2;1;2;2;2;;;;;;;;;;;;2;2;2;2;2;;;;;;3;2
517997;237;1;1;1;61.5502702167535;6;1;6;1;2;2;2;2;6;1;2;;;;;;2;2;2;2;1;1;1;2;2;2;2;2;2;2;2;2;2;2;1;2;2;2;;;;;;8;2
518042;237;1;1;1;63.2577223344808;12;1;1;1;2;2;2;2;2;1;1;2;2;2;2;2;2;2;2;2;1;2;;;;;;;;;;;;2;1;2;2;1;3;1;3;1;;;2
518052;237;1;1;1;64.5255488528647;11;1;6;2;2;2;1;2;1;1;1;2;2;2;2;2;2;2;2;2;1;1;2;2;2;2;1;2;2;2;2;2;2;2;2;2;2;2;;;;;;3;2
518053;237;1;1;1;55.609074260099;2;1;1;2;1;2;2;2;4;4;1;2;2;2;2;2;2;2;2;2;2;1;2;2;2;2;1;2;2;2;2;2;1;2;1;2;2;1;3;1;3;2;4;;2
518094;237;1;1;1;52.2626797909618;9;1;6;2;2;2;1;2;1;4;1;2;2;2;2;2;2;2;2;2;2;1;1;2;2;2;1;2;2;2;2;2;2;2;2;2;2;2;;;;;;6;1
518182;237;1;1;1;67.3974393409893;2;1;2;1;2;2;2;2;2;9;1;2;2;2;2;2;2;2;2;2;2;2;;;;;;;;;;;;2;2;2;2;2;;;;;;8;2
518210;237;1;1;1;78.3096866450953;6;1;1;1;2;2;2;2;2;3;1;2;2;2;2;2;2;2;2;2;2;2;;;;;;;;;;;;1;2;2;2;2;;;;;;6;2
518288;237;1;1;1;55.7897329591704;11;1;1;1;2;2;2;2;2;3;2;;;;;;2;2;2;2;2;2;;;;;;;;;;;;2;2;2;2;2;;;;;;6;2
518324;237;1;1;1;1633.16098014061;3;1;6;2;1;2;2;2;2;1;1;2;2;2;2;2;2;2;2;2;2;2;;;;;;;;;;;;2;2;2;2;2;;;;;;6;2
518340;237;1;1;1;75.8127737772842;6;1;1;1;1;1;2;2;5;4;2;;;;;;2;2;2;2;2;2;;;;;;;;;;;;2;2;2;2;2;;;;;;2;2
518405;237;1;1;1;65.0196162855457;7;1;6;1;1;1;1;2;6;1;1;2;2;2;2;2;2;2;2;2;2;1;1;2;2;1;1;2;2;2;2;2;2;2;2;2;2;2;;;;;;3;2
518410;237;1;1;1;55.5850708567629;2;2;1;1;2;1;2;2;4;2;2;;;;;;2;2;2;2;2;1;1;2;2;2;2;2;2;2;2;2;2;2;2;2;2;2;;;;;;6;1
518440;237;1;1;1;58.1224937639715;9;1;2;1;2;1;2;2;5;3;2;;;;;;1;2;2;2;2;1;1;2;2;1;2;2;2;2;2;2;2;2;2;2;2;2;;;;;;8;2
518709;237;1;1;1;46.5739078582752;3;2;3;2;1;2;1;2;4;3;1;2;2;2;2;2;2;2;2;2;2;1;1;2;2;2;2;2;1;2;2;2;2;2;1;2;2;2;;;;;;6;2
518776;237;1;1;1;87.9546763867672;11;1;6;2;1;2;1;2;6;3;2;;;;;;2;2;2;2;2;2;;;;;;;;;;;;1;1;2;2;1;2;2;2;2;3;;2
518866;237;1;1;1;83.041606725619;8;1;1;2;2;2;1;2;1;3;1;2;2;2;2;2;2;2;2;2;1;1;1;2;2;2;1;2;2;2;2;2;2;2;2;2;2;2;;;;;;3;2
518891;237;1;1;1;78.0483752102112;3;1;6;1;2;2;2;2;1;9;1;2;2;2;2;2;2;2;2;2;2;2;;;;;;;;;;;;2;2;2;2;2;;;;;;3;2
519047;237;1;1;1;1817.05732954021;11;1;1;1;1;1;2;2;6;4;2;;;;;;2;2;2;2;1;1;1;2;2;2;1;2;2;2;2;2;2;1;;2;2;1;1;1;4;2;3;;2
519195;237;1;1;1;71.0343590375422;12;1;1;2;2;2;2;1;2;1;1;2;2;2;2;2;2;2;2;2;2;2;;;;;;;;;;;;2;2;2;2;2;;;;;;3;2
519281;237;1;1;1;67.4724895709183;12;1;6;2;1;2;2;1;1;4;1;2;2;1;2;2;2;2;2;2;2;1;2;2;2;2;1;2;1;2;2;2;2;2;2;2;2;2;;;;;;2;2
519344;237;1;1;1;83.2789215771924;7;1;3;1;2;2;2;2;1;2;1;2;2;2;2;2;2;2;2;2;1;2;;;;;;;;;;;;2;2;2;2;2;;;;;;3;2
519419;237;1;1;1;64.4559018035628;8;1;6;2;2;1;2;2;6;1;2;;;;;;2;2;2;2;2;2;;;;;;;;;;;;2;2;2;2;2;;;;;;3;2
519474;237;1;1;1;574.11473610434;4;1;1;1;1;1;2;2;5;3;2;;;;;;2;2;2;2;2;2;;;;;;;;;;;;2;1;2;2;1;2;1;5;1;;;2
519844;237;1;1;1;63.6394487324689;4;2;6;1;1;1;2;2;6;4;2;;;;;;2;2;2;2;1;1;2;2;2;2;1;2;2;2;2;2;2;2;1;2;2;1;1;1;5;2;4;;2
519852;237;1;1;1;68.0068760418858;5;1;3;1;2;2;2;2;3;9;1;2;2;2;2;2;2;1;2;2;2;2;;;;;;;;;;;;2;2;2;2;2;;;;;;3;2
519864;237;1;1;1;63.5107728279099;2;1;6;2;1;2;2;2;3;1;1;2;2;2;2;2;2;2;2;2;1;1;2;2;2;2;1;2;2;2;2;2;2;2;2;2;2;2;;;;;;3;2
519879;237;1;1;1;66.0303197364972;1;1;3;1;1;2;2;2;4;1;1;2;2;2;2;2;2;2;2;2;2;1;1;2;2;2;2;2;2;2;2;2;2;2;2;2;2;2;;;;;;3;2
519938;237;1;1;1;2043.93279640658;3;1;6;2;1;2;2;2;1;3;1;2;2;2;2;2;2;2;2;2;1;1;1;2;2;2;2;2;2;2;2;2;2;2;2;2;2;2;;;;;;3;2
519966;237;1;1;1;1270.11835493451;12;1;1;1;2;2;2;2;2;1;1;2;2;2;2;2;2;2;2;2;1;1;1;2;2;2;1;2;2;2;2;2;2;2;2;2;2;2;;;;;;7;2
520071;237;1;1;1;68.4639714360466;12;1;1;1;1;2;2;2;6;4;2;;;;;;2;2;2;2;1;1;1;2;2;2;2;1;2;2;2;2;2;2;;2;2;2;;;;;;3;2
520162;237;1;1;1;361.573314946186;5;1;6;1;2;2;2;2;3;4;1;2;2;2;2;2;2;2;2;2;2;2;;;;;;;;;;;;2;2;2;2;2;;;;;;6;2
520168;237;1;1;1;295.355512014541;2;1;5;1;2;2;2;2;6;3;1;2;2;2;2;2;2;2;2;2;2;2;;;;;;;;;;;;2;1;2;2;1;2;2;5;1;;;2
520337;237;1;1;1;36.780569293537;7;1;6;1;1;2;2;2;5;1;1;2;2;2;2;2;2;2;2;2;2;2;;;;;;;;;;;;1;1;2;2;1;2;1;2;2;1;;2
520363;237;1;1;1;38.5871370158632;6;1;3;1;2;1;2;2;1;4;1;2;2;2;2;2;2;2;2;2;1;2;;;;;;;;;;;;2;2;2;2;2;;;;;;6;1
520507;237;1;1;1;110.199636446889;12;1;6;2;1;2;1;1;3;1;1;2;2;2;2;2;2;2;2;2;2;2;;;;;;;;;;;;2;2;2;2;2;;;;;;3;2
520512;237;1;1;1;105.686247887122;5;2;4;1;2;2;2;2;3;3;1;1;2;2;2;2;2;1;2;2;2;2;;;;;;;;;;;;2;2;2;2;2;;;;;;3;2
520542;237;1;1;1;131.726488819013;7;1;3;1;2;1;2;2;4;4;1;1;2;2;2;2;2;2;2;2;2;2;;;;;;;;;;;;2;2;2;2;2;;;;;;3;2
520581;237;1;1;1;114.294696500849;11;1;1;1;2;2;2;2;1;4;1;2;2;2;2;2;2;2;2;2;2;1;1;2;2;2;2;2;2;2;2;2;2;2;2;2;2;2;;;;;;3;2
520592;237;1;1;1;128.630655322426;6;1;3;1;2;2;2;2;5;2;1;1;2;2;2;2;2;2;2;2;2;2;;;;;;;;;;;;2;2;2;2;2;;;;;;4;2
520634;237;1;1;1;158.494374515822;3;1;6;1;1;2;2;2;4;1;1;2;2;2;2;1;2;2;2;2;1;1;1;2;2;2;2;2;2;2;2;2;2;2;2;2;2;2;;;;;;5;2
520731;237;1;1;1;137.362468256152;11;1;6;2;1;2;2;2;1;2;1;2;2;2;2;2;2;2;2;2;1;2;;;;;;;;;;;;2;2;2;2;2;;;;;;6;2
520848;237;1;1;1;67.9069245555448;5;1;2;1;2;1;2;2;4;2;2;;;;;;2;2;2;2;2;2;;;;;;;;;;;;2;2;2;2;2;;;;;;5;2
520912;237;1;1;1;90.1127424497875;10;1;3;2;1;2;2;2;2;1;1;2;2;2;2;2;2;1;2;2;1;1;1;2;2;2;1;2;2;2;2;2;2;2;2;2;2;2;;;;;;6;2
520949;237;1;1;1;1317.33893357205;6;1;2;2;1;2;2;2;5;4;2;;;;;;2;2;2;2;2;2;;;;;;;;;;;;2;2;2;2;2;;;;;;1;2
521054;237;1;1;1;3455.41471773058;3;1;3;2;1;2;2;2;4;1;2;;;;;;2;2;2;2;2;1;1;2;2;2;2;2;2;2;2;2;2;2;2;2;2;2;;;;;;6;2
521057;237;1;1;1;2385.60265507024;9;1;1;1;2;1;2;2;2;1;1;2;2;2;2;2;2;2;2;2;2;2;;;;;;;;;;;;2;2;2;2;2;;;;;;1;2
521112;237;1;1;1;965.335892185657;3;1;1;1;2;1;2;2;5;2;1;2;2;2;2;2;2;2;2;2;2;1;1;2;2;2;1;2;2;2;2;2;2;2;1;2;2;1;3;1;5;2;2;;2
521166;237;1;1;1;990.168573558135;9;1;6;2;1;2;2;2;4;2;1;2;2;2;2;2;2;2;2;1;1;1;2;2;2;1;1;2;2;2;2;2;2;2;2;2;2;2;;;;;;3;2
521167;237;1;1;1;1104.50851370155;11;1;1;2;1;2;2;2;5;2;2;;;;;;2;2;2;2;1;1;2;2;1;2;1;2;2;2;2;2;2;1;2;2;2;1;3;1;4;1;;;2
521215;237;1;1;1;1043.869840676;11;2;2;2;2;1;2;2;1;3;1;2;2;2;2;2;2;2;2;2;2;1;1;2;2;2;1;2;2;2;2;2;2;2;2;2;2;2;;;;;;5;2
521229;237;1;1;1;1027.54553794143;2;1;1;1;2;2;2;2;3;1;1;2;2;2;2;2;2;2;2;2;1;1;2;2;2;2;2;2;2;2;2;2;2;2;2;2;2;2;;;;;;7;2
521234;237;1;1;1;959.951909098321;8;1;6;1;1;2;2;2;2;3;1;2;2;2;2;2;2;2;2;2;2;2;;;;;;;;;;;;2;2;2;2;2;;;;;;4;2
521281;237;1;1;1;66.1032051639122;4;1;7;1;2;2;2;2;2;9;2;;;;;;2;2;2;2;1;1;2;2;2;2;2;2;2;2;2;2;2;2;2;2;2;2;;;;;;6;2
521283;237;1;1;1;73.9408310906389;12;1;1;1;2;2;2;2;1;3;1;2;2;1;2;2;2;2;2;2;1;2;;;;;;;;;;;;2;1;2;2;1;4;;1;;;;2
521304;237;1;1;1;75.9162466651119;1;2;1;1;1;2;1;2;3;2;2;;;;;;2;2;2;2;1;1;2;2;2;2;1;2;1;2;2;2;2;1;1;2;2;2;;;;;;9;2
521319;237;1;1;1;132.160863151889;9;1;1;1;2;2;2;2;3;1;1;2;2;2;2;2;2;2;2;2;1;1;1;2;1;2;1;2;2;2;2;2;2;1;1;2;2;2;;;;;;8;2
521380;237;1;1;1;78.89348714653;6;1;4;1;1;1;2;2;5;4;1;1;1;1;1;2;2;2;2;2;2;1;2;2;1;2;1;2;2;2;2;2;2;1;1;2;2;1;2;2;3;1;;;2
521389;237;1;1;1;70.5460261004796;9;1;6;2;1;2;2;2;5;1;2;;;;;;2;2;2;2;2;1;1;2;2;2;2;1;2;2;2;2;2;2;2;2;2;2;;;;;;5;2
521394;237;1;1;1;68.7678383111455;1;1;3;2;2;1;2;2;2;4;1;1;1;2;2;2;2;2;2;2;2;1;1;2;2;2;2;2;2;2;2;2;2;2;2;2;2;1;2;2;1;2;4;;2
521395;237;1;1;1;65.6752234301037;7;1;6;1;2;1;2;2;3;1;1;2;2;2;2;2;2;2;2;2;2;1;2;2;2;2;2;2;1;2;2;2;2;2;2;2;2;1;4;;6;;;;2
521399;237;1;1;1;74.1657537923191;11;1;6;1;2;1;2;2;5;3;2;;;;;;2;2;2;2;2;2;;;;;;;;;;;;1;2;2;2;1;1;1;2;2;1;;2
521444;237;1;1;1;1691.11657101533;10;1;6;2;2;2;1;2;4;3;1;2;2;2;2;2;2;2;2;2;2;1;1;2;2;2;2;2;2;2;2;2;2;2;1;2;2;2;;;;;;8;2
521462;237;1;1;1;385.810389190223;2;1;1;2;2;2;1;2;4;4;2;;;;;;2;2;2;2;2;1;1;2;2;2;2;2;2;2;2;2;2;2;;2;2;2;;;;;;8;2
521486;237;1;1;1;78.8099752149837;11;2;3;1;1;1;2;2;3;3;1;2;2;2;2;2;2;2;2;2;2;2;;;;;;;;;;;;2;2;2;1;2;;;;;;1;2
521516;237;1;1;1;63.6454676694733;2;1;1;1;2;1;2;2;6;3;2;;;;;;2;2;2;2;2;1;2;2;2;1;2;2;2;2;2;2;2;2;1;2;2;1;3;1;4;1;;;2
521623;237;1;1;1;81.4960618988234;9;1;1;1;1;1;1;2;6;4;2;;;;;;2;2;2;2;2;1;1;2;2;1;1;2;2;2;2;2;2;2;1;2;2;1;2;2;3;2;4;;2
521628;237;1;1;1;69.7370715126114;4;1;6;2;1;2;2;2;3;3;2;;;;;;2;2;2;2;2;2;;;;;;;;;;;;2;2;2;2;2;;;;;;7;2
521630;237;1;1;1;117.015226589857;10;1;6;2;2;2;1;2;1;4;2;;;;;;2;2;2;2;2;1;2;2;2;2;2;2;2;2;2;2;2;2;2;2;2;2;;;;;;1;2
521636;237;1;1;1;82.1008054743409;3;1;3;1;2;2;2;1;2;1;1;2;2;2;2;2;2;2;2;2;2;1;1;2;2;2;2;2;2;2;2;2;2;2;2;2;2;2;;;;;;7;2
521645;237;1;1;1;95.9944019934895;3;1;6;1;1;2;1;2;5;1;1;2;2;2;2;2;2;2;2;2;2;1;2;2;2;2;1;2;2;2;2;2;2;2;2;2;2;2;;;;;;5;2
521650;237;1;1;1;85.3447459086787;1;1;4;2;2;1;1;2;2;3;1;1;2;2;2;2;2;2;2;2;2;2;;;;;;;;;;;;2;1;2;2;1;2;2;2;1;;;2
521651;237;1;1;1;46.6651762417959;4;1;6;1;1;1;1;2;4;1;1;2;2;2;2;1;2;2;2;2;2;1;1;2;2;2;1;2;2;2;2;2;2;2;1;2;2;1;3;1;4;2;1;;2
521706;237;1;1;1;83.52049262293;5;1;6;2;1;2;2;2;4;4;2;;;;;;2;2;2;2;2;2;;;;;;;;;;;;2;2;2;2;2;;;;;;3;2
521753;237;1;1;1;283.069151665862;3;1;6;2;1;2;2;2;2;1;1;2;2;2;2;2;2;2;2;2;2;1;2;2;2;2;1;2;2;2;2;2;2;2;2;2;2;2;;;;;;4;2
521756;237;1;1;1;388.762591785643;11;1;1;2;2;2;2;1;2;4;1;2;2;2;2;2;2;2;2;2;2;2;;;;;;;;;;;;2;2;2;2;1;4;;4;;;;2
521831;237;1;1;1;257.182453860357;5;1;6;1;1;2;1;1;2;4;1;2;2;2;2;2;2;2;2;2;2;1;1;2;2;2;1;2;2;2;2;2;2;2;2;2;2;2;;;;;;3;2
521840;237;1;1;1;272.833945625192;6;1;2;1;2;1;1;2;5;2;2;;;;;;2;2;2;2;1;1;2;2;2;2;1;2;2;2;2;2;2;2;2;2;2;2;;;;;;3;2
522053;237;1;1;1;37.7489620798786;6;1;2;1;2;2;2;2;2;1;2;;;;;;2;2;2;2;2;1;2;2;2;2;1;2;2;2;2;2;2;2;2;2;2;2;;;;;;3;2
522201;237;1;1;1;64.1544330198387;10;1;7;2;1;2;2;2;2;1;1;2;2;2;2;2;2;2;2;2;2;1;1;2;2;2;2;2;2;2;2;2;2;2;1;2;2;1;3;1;4;2;3;;2
522286;237;1;1;1;73.3370449065971;12;1;3;1;2;2;2;2;2;3;1;2;2;2;2;2;2;2;2;2;2;2;;;;;;;;;;;;2;2;2;2;2;;;;;;6;2
522291;237;1;1;1;77.4133971684773;6;1;2;2;2;1;2;2;5;1;1;2;2;2;2;2;2;2;2;2;2;1;1;2;2;2;2;2;2;2;2;2;2;2;2;2;2;2;;;;;;5;1
522313;237;1;1;1;68.5183577674461;6;1;6;1;2;2;1;2;4;1;1;2;2;2;2;2;2;2;2;2;2;2;;;;;;;;;;;;2;2;2;2;2;;;;;;8;2
522324;237;1;1;1;79.3499995136214;2;1;3;2;1;2;2;2;1;3;2;;;;;;2;2;2;2;2;2;;;;;;;;;;;;2;2;2;2;2;;;;;;6;2
522325;237;1;1;1;64.1406811301615;4;1;3;1;2;2;2;2;1;1;1;2;2;2;2;2;2;2;2;2;2;2;;;;;;;;;;;;2;2;2;2;2;;;;;;6;2
522345;237;1;1;1;80.2462889902394;7;1;1;2;1;2;2;2;2;2;1;2;2;2;2;2;2;2;2;2;2;1;1;2;2;2;1;2;2;2;2;2;2;2;2;2;2;2;;;;;;3;2
522373;237;1;1;1;70.464106704931;11;1;2;1;2;2;2;2;3;2;1;2;1;2;2;2;2;2;2;2;2;2;;;;;;;;;;;;2;2;2;2;1;2;2;1;1;;;2
522378;237;1;1;1;59.7667725602245;9;1;1;1;1;1;2;2;6;1;2;;;;;;2;2;2;2;2;2;;;;;;;;;;;;1;2;2;2;1;4;;1;;;;2
522426;237;1;1;1;65.1154396325777;2;1;1;1;1;1;2;2;6;4;1;2;2;2;2;2;2;2;2;2;2;2;;;;;;;;;;;;2;2;2;2;1;3;1;1;2;1;;2
522502;237;1;1;1;278.994221056022;1;1;5;1;2;1;2;2;2;9;1;2;2;2;1;2;2;2;2;2;1;2;;;;;;;;;;;;2;2;2;2;2;;;;;;6;1
522696;237;1;1;1;46.0671943187283;1;2;1;2;1;2;2;2;1;1;1;2;2;2;2;2;2;2;2;2;2;2;;;;;;;;;;;;2;2;2;2;2;;;;;;8;2
522704;237;1;1;1;38.5423344865751;12;1;1;2;1;2;2;2;2;1;1;2;2;2;2;2;2;2;2;2;2;1;2;2;2;2;1;2;2;2;2;2;2;2;2;2;2;1;1;1;1;1;;;2
522742;237;1;1;1;47.667837629046;6;2;1;1;2;1;1;2;5;2;2;;;;;;2;2;2;2;1;1;2;2;2;2;2;2;1;2;2;2;2;2;2;2;2;2;;;;;;6;2
522786;237;1;1;1;45.0926023481156;5;1;3;1;2;1;2;2;2;3;2;;;;;;2;2;2;2;2;1;2;2;2;2;1;2;2;2;2;2;2;2;2;2;2;2;;;;;;6;2
522839;237;1;1;1;432.573254089635;10;1;4;1;1;2;2;2;6;3;1;1;2;2;2;2;2;2;2;2;2;2;;;;;;;;;;;;2;2;2;2;2;;;;;;2;2
522941;237;1;1;1;65.7511709952742;1;1;4;1;2;2;2;2;3;2;1;1;2;2;2;2;2;2;2;2;2;2;;;;;;;;;;;;1;1;2;2;2;;;;;;8;1
523010;237;1;1;1;2087.12803824935;12;1;1;2;1;2;2;2;2;4;1;2;2;2;2;2;2;2;2;2;2;2;;;;;;;;;;;;1;2;2;2;1;1;1;5;1;;;1
523065;237;1;1;1;440.97431834193;6;1;1;2;2;1;2;2;4;1;2;;;;;;2;2;2;1;2;1;1;2;2;2;1;2;2;2;2;2;2;2;2;2;2;2;;;;;;6;2
523151;237;1;1;1;893.021658129192;4;1;1;2;1;1;2;2;5;3;2;;;;;;2;2;2;2;2;2;;;;;;;;;;;;1;2;2;1;1;4;;2;;;;2
523157;237;1;1;1;2505.79684242361;12;1;5;2;1;1;2;2;5;3;1;2;2;2;2;2;2;2;2;2;2;1;1;2;2;2;2;2;2;2;2;2;2;2;1;2;2;1;1;1;2;2;2;;2
523232;237;1;1;1;869.759949486944;4;1;6;1;1;2;2;2;4;4;1;2;2;2;2;2;2;2;2;2;2;2;;;;;;;;;;;;2;2;2;2;2;;;;;;3;2
523311;237;1;1;1;2826.02010413044;8;1;1;1;1;1;2;2;5;9;2;;;;;;2;2;2;2;1;1;2;2;2;1;2;2;2;2;2;2;2;2;1;2;2;1;2;2;4;2;3;;2
523352;237;1;1;1;74.9595983385623;3;1;2;1;2;2;2;2;2;3;1;2;2;2;2;2;2;2;2;2;2;1;1;2;2;2;2;2;2;2;2;2;2;2;2;2;2;2;;;;;;6;2
523416;237;1;1;1;59.3520827172958;1;1;1;1;2;1;2;2;2;1;1;2;2;2;2;2;2;2;2;2;2;2;;;;;;;;;;;;2;2;2;2;2;;;;;;7;1
523433;237;1;1;1;76.5472874310488;11;1;1;1;2;1;2;2;4;1;1;2;2;2;2;2;2;2;2;2;2;1;1;2;2;2;2;2;2;2;2;2;2;2;2;2;2;2;;;;;;7;2
523476;237;1;1;1;152.294001227563;7;1;3;1;2;2;2;2;3;4;1;1;2;2;2;2;2;2;2;2;2;2;;;;;;;;;;;;2;1;2;2;2;;;;;;3;2
523512;237;1;1;1;239.970767175683;9;1;3;1;1;2;1;2;2;4;2;;;;;;2;2;2;2;2;2;;;;;;;;;;;;2;2;2;2;2;;;;;;6;2
523594;237;1;1;1;65.6667293130866;3;1;1;2;2;2;2;1;1;3;2;;;;;;2;2;2;2;2;1;2;1;2;2;2;2;2;2;2;2;2;2;2;1;2;2;;;;;;3;2
523635;237;1;1;1;101.095348838445;6;1;6;1;2;2;2;2;2;1;1;2;2;2;2;2;2;2;2;2;2;1;1;2;2;2;2;2;2;2;2;2;2;2;2;2;2;2;;;;;;8;2
523655;237;1;1;1;255.294672546598;8;1;1;2;2;2;1;2;4;2;2;;;;;;2;2;2;2;2;1;2;2;2;2;1;2;2;2;2;2;2;2;;2;2;2;;;;;;8;2
523737;237;1;1;1;250.981397369468;7;2;3;2;2;2;2;1;2;4;2;;;;;;2;2;2;2;2;2;;;;;;;;;;;;2;2;2;2;2;;;;;;3;2
523759;237;1;1;1;309.032629657897;3;1;1;2;2;1;2;2;2;2;2;;;;;;2;2;2;2;2;2;;;;;;;;;;;;2;2;2;2;2;;;;;;8;2
523927;237;1;1;1;37.7489620798786;9;1;6;1;1;2;2;2;3;4;2;;;;;;2;2;2;2;2;1;2;2;2;2;1;2;2;2;2;2;2;2;2;2;2;2;;;;;;3;2
523980;237;1;1;1;699.837575693603;3;1;3;1;2;1;2;2;2;3;2;;;;;;2;2;2;2;1;1;1;2;2;2;2;1;2;2;2;2;2;2;;2;1;1;1;1;4;1;;;2
523983;237;1;1;1;1093.42974890195;11;1;1;2;2;1;2;2;2;4;2;;;;;;2;2;2;2;1;2;;;;;;;;;;;;2;;2;2;2;;;;;;3;2
523994;237;1;1;1;699.837575693603;11;1;3;2;1;2;2;2;3;4;2;;;;;;2;2;2;2;1;1;1;2;2;2;1;2;2;2;2;2;2;2;2;2;2;2;;;;;;3;2
524244;237;1;1;1;60.8135666892706;2;1;6;2;1;2;2;2;2;1;1;2;2;2;2;2;2;2;2;2;2;1;2;2;2;1;2;2;2;2;2;2;2;2;2;2;2;2;;;;;;3;2
524264;237;1;1;1;59.143345518493;4;1;3;2;2;2;2;1;2;1;1;2;2;2;2;2;2;2;2;2;2;2;;;;;;;;;;;;2;2;2;2;1;3;1;6;1;;;2
524323;237;1;1;1;52.3212666992465;9;1;2;1;2;1;2;2;4;2;1;2;2;2;2;2;2;2;2;2;2;1;2;2;2;2;1;2;2;2;2;2;2;2;2;2;2;2;;;;;;8;2
524385;237;1;1;1;60.9960879877301;11;1;3;2;1;2;2;2;1;4;1;2;2;2;2;2;2;2;2;2;2;1;2;2;2;2;1;2;2;2;2;2;2;2;2;2;2;2;;;;;;1;2
524458;237;1;1;1;326.861088597566;2;2;2;1;2;1;2;2;3;3;1;2;2;2;2;2;2;2;2;2;2;1;1;2;1;2;2;2;1;2;2;2;2;2;2;2;2;2;;;;;;7;2
524475;237;1;1;1;348.001780583103;6;2;4;1;2;1;2;2;4;3;2;;;;;;2;2;2;2;2;1;2;2;2;2;2;2;1;2;2;2;2;2;2;2;2;2;;;;;;1;2
524480;237;1;1;1;321.801840810321;9;1;3;2;2;2;2;1;1;3;2;;;;;;2;2;2;2;2;2;;;;;;;;;;;;2;2;2;2;2;;;;;;6;2
524586;237;1;1;1;1589.6052155588;9;1;1;1;2;2;2;2;3;1;1;2;2;2;2;2;2;2;2;2;2;2;;;;;;;;;;;;2;2;2;2;2;;;;;;6;2
524649;237;1;1;1;43.8351116155266;3;1;6;1;2;2;1;2;2;1;1;2;2;2;2;2;2;2;2;2;1;2;;;;;;;;;;;;1;2;2;2;1;1;1;4;1;;;2
524650;237;1;1;1;42.8878214496822;4;1;6;2;2;2;1;2;3;1;1;2;2;2;2;2;2;2;2;2;2;2;;;;;;;;;;;;1;2;2;2;2;;;;;;3;2
524680;237;1;1;1;38.0930840696088;6;1;1;1;2;1;2;2;6;9;2;;;;;;2;2;2;2;2;1;2;2;2;2;1;2;2;2;2;2;2;2;2;2;1;1;2;2;1;1;;;2
524819;237;1;1;1;174.828858473924;8;1;3;2;2;2;2;1;3;1;1;2;2;2;2;2;2;2;2;2;2;2;;;;;;;;;;;;2;1;2;2;2;;;;;;3;2
524926;237;1;1;1;125.595118892578;11;1;6;1;2;1;2;2;5;4;2;;;;;;2;2;2;2;2;1;2;2;2;2;2;2;1;2;2;2;2;1;2;2;2;1;1;1;5;1;;;2
525028;237;1;1;1;638.499607250004;6;1;3;2;2;2;1;1;3;3;2;;;;;;2;2;2;2;2;2;;;;;;;;;;;;2;;2;1;2;;;;;;3;2
525034;237;1;1;1;2021.26858206009;12;1;1;1;1;1;2;2;5;1;1;2;2;2;2;2;2;2;2;2;2;1;1;2;2;2;2;2;2;2;2;2;2;2;1;2;2;2;;;;;;3;2
525084;237;1;1;1;99.0241163368456;9;1;1;1;2;2;2;2;3;1;1;2;2;2;2;2;2;1;2;2;2;1;1;2;2;2;2;2;2;2;2;2;2;1;2;2;2;1;3;1;4;1;;;2
525085;237;1;1;1;70.7444025106819;10;1;1;2;1;2;2;2;2;4;1;1;2;2;2;2;2;2;2;2;2;2;;;;;;;;;;;;2;2;2;2;2;;;;;;2;1
525224;237;1;1;1;375.81124275149;7;1;9;2;2;1;2;2;4;1;1;2;2;2;2;2;2;2;2;2;2;1;1;2;2;2;1;2;2;2;2;2;2;2;2;2;2;2;;;;;;3;2
525229;237;1;1;1;2186.45802674515;11;1;9;2;2;2;2;1;4;9;2;;;;;;2;2;2;2;2;2;;;;;;;;;;;;2;;2;2;2;;;;;;3;2
525230;237;1;1;1;2061.97145916145;12;1;3;2;2;2;1;2;3;9;2;;;;;;2;2;2;2;2;1;1;2;2;2;2;2;2;2;2;2;2;2;;2;2;2;;;;;;3;2
525313;237;1;1;1;191.447996589896;2;2;6;2;1;2;1;2;2;4;2;;;;;;2;2;2;2;2;2;;;;;;;;;;;;2;;2;2;2;;;;;;7;2
525331;237;1;1;1;959.951909098321;6;1;1;1;2;2;2;2;2;2;2;;;;;;2;2;2;2;2;2;;;;;;;;;;;;2;2;2;2;2;;;;;;6;2
525468;237;1;1;1;75.3531560675382;6;1;3;1;2;2;2;2;2;2;2;;;;;;2;2;2;2;2;1;2;2;2;2;2;2;2;2;2;2;2;2;2;2;2;2;;;;;;3;2
525518;237;1;1;1;75.9162466651119;10;1;1;1;1;1;2;2;6;3;2;;;;;;2;2;2;2;2;1;2;2;2;2;1;2;2;2;2;2;2;2;2;2;2;2;;;;;;8;2
525567;237;1;1;1;77.8974934865743;12;1;3;1;2;1;2;2;5;3;1;1;1;2;2;2;2;2;2;2;2;2;;;;;;;;;;;;1;2;2;2;2;;;;;;2;2
525588;237;1;1;1;68.247255765681;6;2;1;1;1;1;2;2;5;3;2;;;;;;2;2;2;2;1;2;;;;;;;;;;;;2;2;2;2;2;;;;;;7;2
525608;237;1;1;1;75.6911573068004;9;1;4;1;2;1;2;2;4;3;1;2;1;2;2;2;2;2;2;2;2;1;1;2;2;2;1;2;2;2;2;2;2;2;;2;2;2;;;;;;8;2
525743;237;1;1;1;113.890180426443;12;1;6;2;1;2;2;2;2;9;2;;;;;;2;2;2;2;2;1;1;2;2;2;2;2;2;2;2;2;2;2;2;2;2;2;;;;;;8;2
525755;237;1;1;1;80.1200845048115;4;1;3;2;2;1;1;2;1;3;1;2;2;2;2;2;2;2;2;2;2;1;2;2;2;2;1;2;2;2;2;2;2;2;2;2;2;2;;;;;;1;2
525757;237;1;1;1;94.0985970622642;2;1;6;2;2;2;1;2;4;1;1;2;1;2;2;2;2;2;2;2;2;1;2;2;2;2;1;2;2;2;2;2;2;2;1;2;2;1;1;1;3;1;;;2
525764;237;1;1;1;68.0586401178513;6;1;3;2;2;1;2;2;3;3;2;;;;;;2;2;2;2;2;2;;;;;;;;;;;;2;2;2;2;2;;;;;;8;2
525790;237;1;1;1;102.646710975924;9;1;6;2;1;2;2;2;5;1;1;2;2;2;2;2;2;1;2;2;2;1;2;2;2;2;1;2;2;2;2;2;2;2;1;2;2;1;1;1;4;1;;;2
525811;237;1;1;1;66.0874833017557;2;1;3;2;1;2;2;2;4;2;1;2;2;2;2;2;2;2;1;2;2;2;;;;;;;;;;;;2;1;2;2;2;;;;;;7;2
525834;237;1;1;1;93.4650961264826;7;1;2;2;1;2;2;2;1;3;1;2;2;2;2;2;2;2;2;2;2;2;;;;;;;;;;;;2;2;2;2;2;;;;;;6;2
525849;237;1;1;1;80.1200845048115;12;2;6;2;1;2;2;2;1;1;1;2;2;2;2;2;2;2;2;2;2;1;2;2;2;2;1;2;2;2;2;2;2;2;2;2;2;2;;;;;;4;2
525853;237;1;1;1;131.443020255863;12;1;1;1;1;1;2;2;6;9;2;;;;;;2;1;2;2;2;1;2;2;2;1;2;2;2;2;2;2;2;2;1;2;2;1;3;1;1;1;;;2
525880;237;1;1;1;72.5762520213666;2;1;2;2;2;1;2;2;6;2;2;;;;;;2;2;2;2;2;1;1;2;2;1;2;2;2;2;2;2;2;2;2;2;1;1;1;1;5;1;;;2
525917;237;1;1;1;240.003300184561;6;1;6;2;2;2;2;1;1;1;1;2;2;2;2;2;2;2;2;2;2;1;2;1;2;2;2;2;2;2;2;2;2;2;2;1;2;2;;;;;;3;2
525937;237;1;1;1;531.741861508308;10;1;1;1;1;1;2;2;5;3;2;;;;;;2;2;2;2;2;1;2;2;2;1;2;2;2;2;2;2;2;1;2;2;2;1;2;1;2;1;;;2
525958;237;3;2;1;209.38454038897;11;1;6;1;2;2;2;2;1;1;1;2;2;2;2;2;2;2;2;2;1;1;2;2;2;2;1;2;2;2;2;2;2;2;2;2;2;2;;;;;;8;2
526038;237;1;1;1;745.832681239551;5;1;6;2;1;2;2;2;2;4;2;;;;;;2;2;2;2;2;2;;;;;;;;;;;;2;2;2;2;2;;;;;;2;2
526096;237;1;1;1;42.2331559091991;10;1;6;1;2;2;2;2;2;1;2;;;;;;2;2;2;2;2;1;1;2;2;2;1;2;2;2;2;2;2;2;1;2;2;1;3;1;4;2;4;;2
526200;237;1;1;1;52.3434507184686;10;1;1;1;2;2;2;2;4;2;1;2;2;2;2;2;2;2;2;2;2;2;;;;;;;;;;;;1;1;2;1;2;;;;;;3;2
526324;237;1;1;1;78.4537100370034;2;1;1;1;2;2;2;2;4;1;1;2;2;2;2;2;2;2;2;2;2;1;1;2;2;2;1;2;2;2;2;2;2;2;2;2;2;2;;;;;;8;2
526353;237;1;1;1;74.3926178621974;10;1;9;1;1;1;2;2;5;1;2;;;;;;2;2;2;2;2;1;2;2;2;2;1;2;2;2;2;2;2;2;2;2;2;2;;;;;;4;2
526401;237;1;1;1;70.4531618483072;12;1;6;2;1;2;2;2;2;1;1;2;2;2;2;2;2;2;2;2;2;2;;;;;;;;;;;;2;2;2;2;2;;;;;;3;2
526434;237;1;1;1;60.9960879877301;11;2;3;1;2;2;2;2;5;1;1;2;2;2;2;2;2;1;2;2;2;2;;;;;;;;;;;;2;2;2;2;1;4;;5;;;;2
526497;237;1;1;1;49.9426248523858;1;1;6;1;2;1;2;2;2;4;2;;;;;;1;2;2;1;1;2;;;;;;;;;;;;1;1;1;2;1;2;2;5;1;;;2
526514;237;1;1;1;59.7667725602245;11;2;1;1;1;1;1;2;6;2;2;;;;;;2;2;2;2;2;1;1;2;2;1;2;2;2;2;2;2;2;2;1;2;2;1;3;1;4;2;3;;2
526587;237;1;1;1;666.008965625852;10;1;1;1;1;2;1;2;5;3;2;;;;;;2;2;2;2;1;1;1;2;2;2;1;2;2;2;2;2;2;1;;2;2;1;3;1;2;1;;;1
526595;237;1;1;1;344.533185263852;1;1;2;2;2;1;2;2;2;9;1;2;2;2;2;2;2;2;2;2;2;2;;;;;;;;;;;;2;2;2;2;2;;;;;;4;2
526619;237;1;1;1;320.822836585806;7;1;2;2;2;1;2;2;1;1;1;2;2;2;2;2;2;2;2;2;2;2;;;;;;;;;;;;2;1;2;2;1;4;;2;;;;2
526810;237;1;1;1;49.2549670174674;4;2;3;1;2;2;2;2;2;1;1;2;2;2;2;2;2;2;2;2;1;2;;;;;;;;;;;;2;2;2;2;2;;;;;;6;2
526835;237;1;1;1;42.1925310794644;5;1;3;2;1;2;1;2;4;1;1;2;2;2;2;2;2;2;2;2;2;2;;;;;;;;;;;;2;2;2;2;2;;;;;;3;2
526842;237;1;1;1;32.6173504158692;7;1;6;2;1;2;2;2;4;4;1;2;2;2;2;2;2;2;2;2;1;2;;;;;;;;;;;;2;1;2;2;2;;;;;;4;2
526849;237;1;1;1;32.6173504158692;1;1;1;2;1;2;2;2;5;4;2;;;;;;2;2;2;2;1;1;2;2;2;1;2;2;2;2;2;2;2;2;2;2;2;2;;;;;;4;2
526855;237;1;1;1;45.3754636469762;2;1;6;1;2;1;2;2;6;3;1;2;2;2;1;2;1;2;2;2;2;2;;;;;;;;;;;;2;2;2;2;2;;;;;;8;2
526903;237;1;1;1;44.9468160717931;11;1;4;1;2;1;2;2;5;4;1;1;2;2;2;2;2;2;2;2;2;1;1;2;2;2;2;2;2;2;2;2;2;2;1;2;2;2;;;;;;4;2
526904;237;1;1;1;43.9773381933836;9;1;5;1;1;1;2;2;5;2;1;1;2;2;1;2;2;2;2;1;2;1;2;2;2;1;2;2;2;2;2;2;2;1;2;2;2;1;2;2;3;1;;;2
526936;237;1;1;1;1926.72717545832;7;1;6;1;2;2;2;2;2;3;2;;;;;;2;2;2;2;2;1;2;2;2;1;2;2;2;2;2;2;2;2;2;2;2;2;;;;;;4;2
527078;237;1;1;1;1127.60733116045;12;1;3;2;1;2;2;2;1;4;1;2;2;2;2;2;2;2;2;2;2;1;1;2;2;2;2;2;2;2;2;2;2;2;2;2;2;2;;;;;;3;2
527152;237;1;1;1;198.492896374108;5;1;3;2;1;2;2;2;3;4;2;;;;;;2;2;2;2;2;2;;;;;;;;;;;;2;;2;2;2;;;;;;8;2
527153;237;1;1;1;205.877461789179;4;1;3;2;2;2;1;2;1;3;2;;;;;;2;2;2;2;2;2;;;;;;;;;;;;2;;2;2;2;;;;;;7;2
527185;237;1;1;1;805.086018030313;10;1;1;2;2;1;1;2;2;1;1;2;2;2;2;2;2;2;2;2;2;2;;;;;;;;;;;;1;2;2;2;2;;;;;;3;2
527238;237;1;1;1;1061.41063569076;7;1;4;1;2;1;2;2;1;2;1;1;2;2;2;2;2;2;2;2;2;2;;;;;;;;;;;;2;2;2;2;2;;;;;;1;2
527343;237;1;1;1;62.7683898897163;9;2;6;2;1;2;2;2;5;2;2;;;;;;2;2;2;2;2;1;2;2;2;2;2;2;1;2;2;2;2;2;2;2;2;2;;;;;;3;2
527347;237;1;1;1;64.1592126843544;1;1;1;1;1;1;2;2;6;2;1;2;2;2;1;2;2;2;2;1;2;1;2;1;2;2;1;2;2;2;2;2;2;1;1;2;2;2;;;;;;3;2
527591;237;1;1;1;100.091067408231;1;1;3;2;1;2;2;2;1;3;1;2;2;2;2;2;2;2;2;2;2;1;2;2;2;2;1;2;2;2;2;2;2;2;2;2;2;2;;;;;;6;2
527622;237;1;1;1;87.8098298252271;3;1;6;1;2;2;2;2;4;4;1;2;2;2;2;2;2;2;2;2;2;2;;;;;;;;;;;;2;2;2;2;1;3;1;1;2;4;;2
527623;237;1;1;1;97.1901565234086;2;1;6;2;1;2;2;2;4;2;2;;;;;;2;2;2;2;1;2;;;;;;;;;;;;2;2;2;2;2;;;;;;3;2
527715;237;1;1;1;585.261251132746;6;1;3;2;1;2;1;2;2;4;2;;;;;;2;2;2;2;2;1;1;2;2;2;2;2;2;2;2;2;2;2;2;2;2;2;;;;;;4;2
527721;237;1;1;1;735.477365195322;7;1;1;1;2;1;2;2;2;2;1;2;2;2;1;2;2;2;2;2;1;1;2;2;2;2;1;2;2;2;2;2;2;1;2;2;2;2;;;;;;6;2
527746;237;1;1;1;40.1438525800024;6;1;1;2;2;1;2;2;4;4;2;;;;;;2;1;2;2;2;1;1;1;2;2;1;1;2;2;2;2;2;1;1;2;2;2;;;;;;4;2
527767;237;1;1;1;47.7786522966842;11;1;6;2;1;1;2;2;6;1;2;;;;;;2;2;2;2;1;1;1;2;2;2;2;2;2;2;2;2;2;2;1;2;2;1;3;1;5;1;;;1
527786;237;1;1;1;42.5474266702214;11;1;3;1;2;1;2;2;2;2;2;;;;;;2;2;2;2;2;2;;;;;;;;;;;;2;1;2;2;1;1;1;2;2;4;;1
527809;237;1;1;1;44.3523984594526;11;1;4;2;2;1;2;2;2;2;1;2;2;2;2;2;2;2;2;2;2;2;;;;;;;;;;;;2;2;2;2;2;;;;;;2;2
528016;237;1;1;1;62.3446127859929;3;1;1;1;2;1;2;2;4;1;2;;;;;;2;2;2;2;2;1;1;2;1;1;1;2;2;2;2;2;2;2;1;2;2;1;2;2;1;1;;;2
528051;237;1;1;1;64.5255488528647;6;1;3;2;2;2;1;2;4;2;2;;;;;;2;2;2;2;2;1;1;2;2;2;2;2;2;2;2;2;2;2;2;2;2;2;;;;;;3;2
528078;237;1;1;1;63.088013046664;12;1;6;1;2;2;2;2;2;1;1;2;2;2;2;2;2;2;2;2;2;1;2;2;2;2;1;2;2;2;2;2;2;2;2;2;2;2;;;;;;6;2
528106;237;1;1;1;66.8460036551844;4;1;6;1;2;2;2;2;2;1;1;2;2;2;2;2;2;2;2;2;2;1;1;2;2;2;2;2;2;2;2;2;2;2;2;2;2;2;;;;;;6;2
528134;237;1;1;1;55.2771506067686;6;1;6;1;2;2;1;2;3;1;1;2;2;2;2;2;2;2;2;2;2;1;2;2;2;2;2;2;2;2;2;2;2;2;2;2;2;2;;;;;;3;2
528212;237;1;1;1;581.098257317125;8;1;1;2;2;2;1;2;3;9;2;;;;;;2;2;2;2;1;2;;;;;;;;;;;;1;;2;1;1;1;1;5;1;;;2
528232;237;1;1;1;69.234295398232;1;1;1;2;2;2;1;2;2;3;2;;;;;;2;2;2;2;2;1;1;2;2;2;2;2;2;2;2;2;2;2;2;2;2;2;;;;;;1;2
528259;237;1;1;1;46.2008996128061;6;1;2;2;2;1;2;2;5;3;1;2;2;2;2;2;2;2;2;2;2;2;;;;;;;;;;;;2;2;2;2;2;;;;;;8;2
528333;237;1;1;1;507.062711376936;10;2;1;1;1;1;2;2;2;4;2;;;;;;2;2;2;2;2;1;1;2;2;2;2;2;2;2;2;2;2;2;;2;2;2;;;;;;3;2
528430;237;1;1;1;356.320456547382;12;1;3;1;2;2;1;2;4;3;2;;;;;;2;2;2;2;1;1;1;2;1;2;2;2;2;2;2;2;2;2;2;2;2;2;;;;;;3;2
528514;237;1;1;1;45.5953290850389;11;1;6;1;2;2;2;2;2;2;2;;;;;;2;2;2;2;2;2;;;;;;;;;;;;2;2;2;2;2;;;;;;3;2
528521;237;1;1;1;47.1824584734604;11;1;6;2;1;2;2;2;3;3;1;2;2;2;1;2;2;2;2;2;2;1;2;2;2;2;2;1;2;2;2;2;2;2;2;2;2;2;;;;;;3;2
528526;237;1;1;1;33.7967395089108;1;1;1;1;2;2;2;2;3;3;1;2;2;2;1;2;2;2;2;2;2;1;2;2;2;2;1;2;2;2;2;2;2;2;2;2;2;2;;;;;;6;2
528551;237;1;1;1;46.3881591838919;1;1;1;2;1;2;2;2;3;1;1;2;2;2;2;2;2;2;2;2;2;2;;;;;;;;;;;;2;2;2;2;2;;;;;;4;2
528577;237;1;1;1;36.780142189379;1;1;3;1;2;2;2;2;2;1;1;2;2;2;2;2;2;2;2;2;2;2;;;;;;;;;;;;2;2;2;2;2;;;;;;6;2
528580;237;1;1;1;34.6989598547031;11;1;1;2;2;1;2;2;1;1;1;2;2;1;2;2;2;2;2;2;2;2;;;;;;;;;;;;2;1;2;2;1;1;1;4;2;4;;2
528588;237;1;1;1;43.3596866833716;12;1;1;1;1;1;2;2;2;1;1;2;2;2;2;2;2;2;2;2;2;1;1;2;2;2;2;2;2;2;2;2;2;2;1;2;2;1;3;1;3;2;1;;1
528833;237;1;1;1;81.9763935608329;12;1;1;1;1;2;2;2;3;1;2;;;;;;2;2;2;2;1;1;1;2;2;2;1;2;2;2;2;2;2;2;2;2;2;2;;;;;;4;2
528866;237;1;1;1;97.1878510308411;12;1;1;1;2;1;2;2;4;1;1;2;2;2;2;2;2;2;2;2;1;1;2;2;2;2;1;2;2;2;2;2;2;2;2;2;2;1;1;1;5;1;;;2
528894;237;1;1;1;77.3026502996913;6;1;6;1;2;1;2;2;5;2;1;2;2;2;2;2;2;2;2;2;1;2;;;;;;;;;;;;2;1;2;2;1;1;1;4;2;2;;2
528903;237;1;1;1;95.7025716962371;6;1;6;1;1;2;2;2;4;1;1;2;2;2;2;2;2;2;2;2;2;1;2;2;2;2;1;2;2;2;2;2;2;2;1;2;2;2;;;;;;3;2
528950;237;1;1;1;81.4880688468593;12;1;3;1;2;2;2;2;2;2;1;2;2;2;2;2;2;2;2;2;2;1;1;2;2;2;2;2;2;2;2;2;2;2;2;2;2;2;;;;;;8;2
529013;237;1;1;1;464.586676387145;9;1;3;1;2;1;2;2;5;1;1;2;2;2;1;2;2;2;2;2;2;1;1;2;2;2;1;2;2;2;2;2;2;2;2;2;2;2;;;;;;8;2
529118;237;1;1;1;952.996953280755;10;1;3;1;2;1;2;2;5;3;1;1;2;2;1;2;2;2;2;2;2;2;;;;;;;;;;;;2;1;2;2;2;;;;;;8;2
529155;237;1;1;1;1003.6308740125;11;1;3;2;1;2;2;2;3;4;2;;;;;;2;2;2;2;2;1;2;2;2;2;1;2;2;2;2;2;2;1;2;2;2;1;1;1;1;2;2;;2
529215;237;1;1;1;1760.64209347195;9;2;1;2;2;1;2;2;5;4;2;;;;;;2;2;2;2;2;2;;;;;;;;;;;;2;;2;2;2;;;;;;1;2
529234;237;1;1;1;1148.20873973802;3;1;2;2;2;2;1;2;4;3;2;;;;;;2;2;2;2;1;1;1;2;2;2;1;2;2;1;2;2;2;2;;2;1;1;1;1;5;1;;;2
529318;237;1;1;1;99.7440917488006;10;1;3;1;2;2;2;2;3;1;1;2;2;2;2;2;1;2;2;2;1;2;;;;;;;;;;;;2;2;2;2;2;;;;;;6;2
529345;237;1;1;1;67.4724895709183;6;1;6;1;2;2;2;2;3;1;1;2;2;2;2;2;2;2;2;2;2;1;1;2;2;2;2;2;2;2;2;2;2;1;2;2;2;2;;;;;;8;2
529467;237;1;1;1;104.306134365016;12;1;3;2;1;2;2;2;1;4;1;2;2;2;2;2;2;1;2;2;2;2;;;;;;;;;;;;2;2;2;2;2;;;;;;3;2
529470;237;1;1;1;126.832760836128;12;1;5;1;1;2;2;2;4;3;2;;;;;;2;2;2;2;1;1;2;2;2;2;1;2;2;2;2;2;2;2;2;2;2;2;;;;;;3;2
529479;237;1;1;1;44.8223189788929;11;1;4;2;1;1;2;2;5;3;1;1;2;2;2;2;2;2;2;2;1;1;1;2;2;2;2;1;2;2;2;2;2;2;1;2;2;1;3;1;5;1;;;2
529489;237;1;1;1;93.5499212188046;2;1;6;2;1;2;2;2;2;1;1;2;2;2;2;2;2;2;2;2;2;2;;;;;;;;;;;;2;2;2;2;2;;;;;;4;2
529490;237;1;1;1;86.8976122363706;11;1;6;2;1;2;2;2;2;1;1;2;2;2;2;2;2;2;2;2;2;2;;;;;;;;;;;;2;2;2;2;2;;;;;;6;2
529496;237;1;1;1;99.1146278689159;2;1;6;1;1;1;2;2;6;3;2;;;;;;2;2;2;2;2;1;2;2;2;2;1;2;2;2;2;2;2;2;2;2;2;2;;;;;;6;2
529500;237;1;1;1;89.2168742619304;12;1;6;1;1;2;2;2;2;4;1;2;2;2;2;2;2;2;2;2;2;1;2;2;2;2;1;2;2;2;2;2;2;2;2;2;2;2;;;;;;6;2
529501;237;1;1;1;96.185784147212;4;2;1;1;1;1;2;2;6;1;1;1;2;2;1;2;2;2;2;2;1;1;1;2;2;2;1;2;1;2;2;2;2;1;1;2;2;1;3;1;5;2;2;;2
529513;237;1;1;1;82.5645652794964;1;1;1;1;1;2;2;2;2;3;2;;;;;;2;2;2;2;2;1;2;2;2;2;1;2;2;2;2;2;2;2;2;2;2;2;;;;;;6;2
529583;237;1;1;1;156.033428258752;9;1;6;2;1;2;2;2;3;1;1;2;2;2;2;2;2;2;2;1;2;1;2;2;2;2;1;2;2;2;2;2;2;2;1;2;2;2;;;;;;7;2
529686;237;1;1;1;356.816462733251;9;1;6;1;2;1;2;2;3;1;1;2;2;2;2;2;2;2;2;2;1;1;2;2;2;2;1;2;2;2;2;2;2;2;2;2;2;2;;;;;;1;2
529756;237;1;1;1;270.675976898325;8;1;1;2;2;2;2;1;2;4;1;2;2;2;2;2;2;2;2;2;2;2;;;;;;;;;;;;2;1;2;2;1;2;2;1;1;;;2
529772;237;1;1;1;246.277340829534;4;1;5;1;2;1;2;2;4;3;2;;;;;;2;2;2;2;2;1;1;2;2;2;2;2;2;2;2;2;2;2;1;2;2;2;;;;;;10;2
529856;237;1;1;1;42.9891285334956;12;1;6;1;2;2;2;2;1;1;1;2;2;2;2;2;2;2;2;2;1;2;;;;;;;;;;;;2;2;2;2;2;;;;;;3;2
529864;237;1;1;1;87.3179485650009;3;1;1;2;1;2;2;2;4;2;2;;;;;;2;2;2;2;2;1;2;2;2;2;1;2;2;2;2;2;2;2;2;2;2;2;;;;;;3;2
529876;237;1;1;1;88.5759046639308;10;1;3;1;2;2;2;2;1;3;1;2;2;2;2;2;2;2;2;2;2;2;;;;;;;;;;;;2;2;2;2;2;;;;;;6;2
530132;237;1;1;1;63.6394487324689;6;1;6;2;1;2;2;2;2;1;1;2;2;2;2;2;2;2;2;2;2;2;;;;;;;;;;;;2;2;2;2;2;;;;;;7;2
530194;237;1;1;1;59.7667725602245;3;1;1;1;2;1;2;2;6;9;2;;;;;;2;2;2;2;1;1;2;2;1;2;1;2;2;2;2;2;2;2;1;2;2;1;2;2;5;2;2;;2
530565;237;1;1;1;47.668691837362;11;1;3;1;1;1;2;2;3;3;2;;;;;;2;2;2;2;2;2;;;;;;;;;;;;2;2;2;2;2;;;;;;4;2
530645;237;1;1;1;41.69847813321;1;1;6;1;2;2;2;2;2;4;1;2;1;2;2;2;2;2;2;2;2;2;;;;;;;;;;;;2;2;2;2;2;;;;;;3;2
530874;237;1;1;1;880.477375118372;7;1;1;1;1;2;2;2;4;3;1;2;1;2;2;2;2;2;2;2;2;2;;;;;;;;;;;;2;2;2;2;1;3;1;4;1;;;2
530878;237;1;1;1;983.213617740569;6;1;1;1;2;2;2;2;4;1;2;;;;;;2;2;2;2;2;1;1;2;2;2;2;2;2;2;2;2;2;2;2;2;2;2;;;;;;8;2
531011;237;1;1;1;72.2217613127613;10;1;3;2;2;2;1;2;2;4;1;2;2;2;2;2;2;2;2;2;2;2;;;;;;;;;;;;2;2;2;2;2;;;;;;3;2
531027;237;1;1;1;78.6085747288865;6;1;3;1;2;2;2;2;3;4;1;2;2;2;2;2;1;2;2;2;1;1;1;2;2;2;2;2;2;1;2;2;2;2;2;2;2;2;;;;;;7;2
531032;237;1;1;1;67.8930433701112;2;1;1;1;2;2;2;2;6;1;1;2;2;2;2;2;1;2;2;2;2;1;2;2;2;2;1;2;2;2;2;2;2;2;2;2;2;2;;;;;;3;2
531048;237;1;1;1;64.1277895894391;1;2;1;1;1;1;1;2;5;1;1;2;2;2;2;2;2;2;2;2;1;1;2;2;2;2;2;2;1;2;2;2;2;2;2;2;2;2;;;;;;3;2
531279;237;1;1;1;117.735971079009;4;1;6;1;2;2;1;2;3;1;1;2;2;2;2;2;2;2;2;2;2;2;;;;;;;;;;;;2;2;2;2;2;;;;;;3;2
531320;237;1;1;1;107.838217472024;2;1;1;1;1;1;2;2;4;2;2;;;;;;2;2;2;2;2;1;1;2;2;2;2;2;2;2;2;2;2;2;2;2;2;2;;;;;;3;2
531336;237;1;1;1;270.675976898325;7;1;2;2;2;1;1;2;5;3;1;2;2;2;2;2;2;1;2;2;2;1;2;2;2;2;2;2;2;2;2;2;2;1;1;2;2;1;1;1;2;2;3;;2
531338;237;1;1;1;229.079119917826;1;1;3;1;2;2;2;2;2;9;2;;;;;;2;2;2;2;2;1;2;2;2;2;1;2;2;2;2;2;2;2;2;2;2;2;;;;;;3;2
531394;237;1;1;1;360.72291209315;10;2;1;1;2;1;2;2;2;1;1;2;2;2;2;2;2;2;2;2;2;1;2;2;2;2;2;2;1;2;2;2;2;2;2;2;1;1;1;1;5;2;1;;2
531453;237;1;1;1;43.664979292143;12;1;3;2;2;2;2;1;2;3;2;;;;;;2;2;2;2;2;2;;;;;;;;;;;;2;2;2;2;2;;;;;;4;2
531470;237;1;1;1;37.6159624954045;3;1;1;2;1;2;2;2;4;3;2;;;;;;2;2;2;2;2;1;2;2;2;1;1;2;2;2;2;2;2;1;2;2;2;1;3;1;2;1;;;2
531497;237;1;1;1;48.120408904414;5;2;3;1;1;2;2;2;2;9;2;;;;;;2;2;2;2;2;1;1;2;2;2;2;2;2;2;2;2;2;2;2;2;2;2;;;;;;6;2
531503;237;1;1;1;37.5722970300813;9;1;1;1;1;2;1;2;2;3;2;;;;;;2;2;2;2;1;2;;;;;;;;;;;;2;2;2;2;2;;;;;;3;2
531517;237;1;1;1;38.650261650024;1;2;1;1;2;1;2;2;6;4;2;;;;;;1;2;2;2;2;1;2;2;2;2;1;2;2;2;2;2;2;1;1;2;2;1;2;1;5;2;3;;2
531554;237;1;1;1;41.8493963665184;12;1;1;2;1;1;1;2;5;3;2;;;;;;2;2;2;2;1;2;;;;;;;;;;;;2;1;2;2;1;3;1;2;1;;;2
531587;237;1;1;1;41.088817615471;10;1;6;1;1;2;2;2;3;4;2;;;;;;2;2;2;2;2;2;;;;;;;;;;;;2;1;2;2;2;;;;;;3;2
531596;237;1;1;1;941.083625304743;8;1;6;2;2;1;2;2;5;4;2;;;;;;2;2;2;2;2;2;;;;;;;;;;;;2;;2;2;2;;;;;;3;2
531645;237;1;1;1;56.9216994046224;7;2;9;2;1;1;2;2;4;3;2;;;;;;2;2;2;2;2;1;2;2;2;2;2;2;1;2;2;2;2;2;1;2;2;2;;;;;;8;2
531649;237;1;1;1;56.8047158327882;3;1;1;1;1;1;2;2;6;3;2;;;;;;2;2;2;2;2;1;2;2;2;2;1;2;2;2;2;2;2;2;2;1;1;1;1;1;5;1;;;2
531697;237;1;1;1;58.2360187655917;3;2;1;1;1;1;2;2;5;4;2;;;;;;2;2;2;2;2;1;1;2;2;2;1;2;2;2;2;2;2;2;1;2;2;2;;;;;;3;2
531702;237;1;1;1;67.9669220816413;2;1;6;2;2;1;1;2;5;1;1;2;2;2;2;2;2;2;2;2;2;2;;;;;;;;;;;;2;1;2;2;1;1;1;4;2;4;;2
531748;237;1;1;1;59.143345518493;1;1;1;2;1;2;2;2;3;1;1;2;2;2;2;2;2;2;2;2;2;1;2;2;2;2;1;2;2;2;2;2;2;2;1;2;2;1;1;1;5;1;;;2
531929;237;1;1;1;74.5829624705852;9;2;1;2;1;2;1;2;5;4;2;;;;;;2;2;2;2;2;2;;;;;;;;;;;;1;2;2;2;1;1;1;2;2;1;;2
532087;237;1;1;1;5033.47187375598;7;1;1;1;1;2;2;2;4;2;2;;;;;;2;2;2;2;2;2;;;;;;;;;;;;2;2;2;2;2;;;;;;5;2
532142;237;1;1;1;46.5390595524177;12;2;3;1;2;1;2;2;4;4;1;2;2;2;2;2;2;2;2;2;2;1;2;2;2;2;2;2;1;2;2;2;2;2;2;2;2;2;;;;;;3;2
532143;237;1;1;1;41.6070139270163;2;1;3;1;2;2;2;2;2;2;2;;;;;;2;2;2;2;2;1;1;2;2;2;2;2;2;2;2;2;2;2;2;2;2;2;;;;;;3;2
532152;237;1;1;1;45.5866552943701;11;1;6;2;2;2;2;1;1;2;2;;;;;;2;2;2;2;2;1;2;2;2;2;1;2;2;2;2;2;2;2;2;2;2;2;;;;;;6;2
532166;237;1;1;1;40.1113487447886;11;2;6;2;2;2;2;1;2;4;2;;;;;;2;2;2;2;2;2;;;;;;;;;;;;2;2;2;2;2;;;;;;3;2
532274;237;1;1;1;34.2044798042907;10;1;1;2;2;2;1;2;2;3;1;2;2;2;2;2;2;2;2;2;2;2;;;;;;;;;;;;2;2;2;2;2;;;;;;6;2
532421;237;1;1;1;99.5258022826212;3;1;6;2;2;2;1;2;2;1;1;1;2;2;2;2;2;2;2;2;2;1;1;2;2;2;2;2;2;2;2;2;2;2;2;2;2;2;;;;;;3;2
532440;237;1;1;1;117.968519758858;8;1;6;2;1;1;2;2;4;1;1;1;2;2;2;2;2;2;2;2;2;1;2;2;2;2;1;2;2;2;2;2;2;1;2;2;2;1;2;2;2;1;;;2
532444;237;1;1;1;142.551043509419;6;1;6;2;2;2;1;2;3;1;1;2;2;2;2;2;2;2;2;2;1;1;1;2;2;1;1;2;2;1;2;2;2;1;2;2;2;2;;;;;;9;2
532466;237;1;1;1;2021.26858206009;6;1;6;1;2;2;2;2;2;2;1;2;2;2;2;2;2;2;2;2;2;1;1;2;2;2;2;2;2;2;2;2;2;2;2;2;1;1;1;1;4;1;;;2
532627;237;1;1;1;58.6800352711057;10;2;1;1;2;1;2;2;2;1;1;2;2;2;2;2;2;1;2;2;2;1;2;2;2;2;2;2;1;2;2;2;2;2;1;2;2;2;;;;;;5;2
532678;237;1;1;1;862.804993669378;3;1;1;2;1;2;2;2;4;2;1;2;2;2;2;2;2;2;2;2;2;1;1;2;2;2;1;2;2;2;2;2;2;2;1;2;2;1;1;1;5;2;5;;2
532751;237;1;1;1;1033.41104233378;12;1;2;2;1;2;2;2;4;3;1;2;2;2;2;2;2;2;2;2;2;1;2;2;2;2;1;2;2;2;2;2;2;2;2;2;2;2;;;;;;3;2
532846;237;1;1;1;75.3531560675382;9;1;1;1;1;1;2;2;5;3;2;;;;;;2;2;2;2;2;2;;;;;;;;;;;;2;2;2;2;2;;;;;;4;2
532852;237;1;1;1;60.6243392879475;9;2;6;1;1;1;2;2;5;4;2;;;;;;2;2;2;2;2;1;2;2;2;2;2;2;1;2;2;2;2;1;2;2;2;2;;;;;;2;2
532871;237;1;1;1;64.718575103554;2;2;3;1;1;1;1;2;6;1;1;2;2;2;2;2;2;2;2;2;1;1;2;2;1;1;1;2;1;2;2;2;2;1;1;2;2;2;;;;;;5;2
532934;237;1;1;1;74.4342490717461;7;2;6;2;1;2;2;2;4;4;1;2;2;2;2;2;2;2;2;2;2;1;2;2;2;2;2;1;1;2;2;2;2;1;2;2;2;1;3;2;1;2;4;;2
533000;237;1;1;1;96.2452767556649;7;1;6;1;1;2;2;2;2;1;1;2;2;2;2;2;2;2;2;2;2;2;;;;;;;;;;;;2;2;2;2;2;;;;;;6;2
533005;237;1;1;1;105.282573904331;10;1;1;2;1;2;2;2;2;3;2;;;;;;2;2;2;2;2;1;1;2;2;2;2;2;2;2;2;2;2;2;1;2;2;2;;;;;;8;2
533066;237;1;1;1;116.183104751317;11;1;3;2;1;2;2;2;3;3;1;2;2;2;2;2;2;2;2;2;2;1;1;2;2;2;2;2;2;2;2;2;2;2;2;2;2;2;;;;;;4;2
533081;237;1;1;1;110.192138595564;8;1;6;1;2;2;1;2;5;4;2;;;;;;2;2;2;2;2;2;;;;;;;;;;;;2;2;2;2;2;;;;;;4;2
533097;237;1;1;1;84.0253677658303;8;1;6;2;1;2;2;2;2;4;1;2;2;2;2;2;2;2;2;2;2;2;;;;;;;;;;;;2;2;2;2;2;;;;;;3;2
533117;237;1;1;1;81.0965240441265;5;1;1;2;1;2;2;2;2;2;2;;;;;;2;2;2;2;2;2;;;;;;;;;;;;2;2;2;2;2;;;;;;7;2
533179;237;1;1;1;279.157715466084;2;1;3;2;2;2;2;1;2;1;1;2;2;2;2;2;2;2;2;2;2;2;;;;;;;;;;;;2;2;2;2;2;;;;;;3;2
533237;237;1;1;1;297.030985549738;6;1;1;1;2;2;2;2;3;3;2;;;;;;2;2;2;2;2;2;;;;;;;;;;;;2;1;2;2;1;1;1;1;1;;;1
533406;237;1;1;1;83.6987927330367;7;1;6;2;1;2;2;2;3;4;2;;;;;;2;2;2;2;1;1;1;2;2;2;1;2;2;2;2;2;2;2;2;2;2;2;;;;;;3;2
533421;237;1;1;1;776.107989224529;11;1;4;1;1;1;1;2;6;1;1;1;2;2;2;2;2;2;2;2;2;1;2;2;2;2;1;2;2;2;2;2;2;2;2;2;2;1;1;1;4;2;3;;2
533492;237;1;1;1;66.0424654400212;11;1;3;1;1;2;2;2;3;3;1;2;2;2;2;2;2;2;2;2;2;2;;;;;;;;;;;;2;2;2;2;2;;;;;;6;2
533641;237;1;1;1;63.0095404302173;1;1;2;2;2;2;1;2;5;1;2;;;;;;2;2;2;2;2;2;;;;;;;;;;;;2;2;2;2;1;2;2;5;1;;;2
533655;237;1;1;1;59.6322227012142;2;1;6;2;2;2;2;1;1;1;1;2;2;2;2;2;2;2;2;2;2;2;;;;;;;;;;;;2;2;2;2;2;;;;;;6;2
533730;237;1;1;1;67.455440356081;12;2;6;1;1;2;2;2;2;1;1;2;2;2;2;2;2;2;2;2;2;2;;;;;;;;;;;;2;2;2;2;2;;;;;;6;2
533733;237;1;1;1;68.8614132939762;3;2;1;1;1;1;2;2;5;3;2;;;;;;2;2;2;2;2;1;2;2;2;2;1;2;2;2;2;2;2;2;2;2;2;2;;;;;;3;2
533767;237;1;1;1;62.7521549513972;7;1;2;1;2;2;2;2;3;9;1;2;2;2;2;2;2;2;2;2;2;2;;;;;;;;;;;;2;2;2;2;2;;;;;;6;2
533814;237;1;1;1;54.1731570099457;3;2;6;1;2;2;1;2;2;1;2;;;;;;2;2;2;2;1;1;1;2;1;2;1;2;2;2;2;2;2;1;2;2;2;2;;;;;;4;2
533825;237;1;1;1;53.5505821267521;6;1;3;1;2;2;2;2;3;3;1;2;2;2;2;2;2;2;2;2;2;2;;;;;;;;;;;;2;2;2;2;1;2;2;2;1;;;2
533826;237;1;1;1;58.4416337856869;7;1;6;1;2;1;2;2;2;1;1;2;2;2;2;2;2;2;2;2;2;2;;;;;;;;;;;;2;2;2;2;2;;;;;;1;2
533923;237;1;1;1;348.728772304655;3;1;1;2;2;2;1;2;4;2;1;2;2;2;2;2;2;2;2;2;2;2;;;;;;;;;;;;2;2;2;2;2;;;;;;3;2
534152;237;1;1;1;34.6763450379801;12;1;3;1;2;2;2;2;2;1;1;2;2;2;2;2;2;2;2;2;2;2;;;;;;;;;;;;2;1;2;2;2;;;;;;7;2
534227;237;1;1;1;43.9995259059486;10;1;6;2;2;2;1;2;6;4;2;;;;;;2;2;2;2;2;1;1;2;2;1;2;2;2;2;2;2;2;2;2;2;2;2;;;;;;3;2
534230;237;1;1;1;34.6985327505451;12;1;6;2;1;1;2;2;4;1;1;2;2;2;2;1;2;2;2;2;2;2;;;;;;;;;;;;2;2;2;2;2;;;;;;3;2
534305;237;1;1;1;132.003821109913;2;1;6;1;1;2;2;2;1;4;1;2;2;2;2;2;2;2;2;2;2;1;1;2;2;2;2;2;2;2;2;2;2;2;2;2;2;2;;;;;;5;2
534307;237;1;1;1;78.9060786303348;6;1;6;2;2;2;1;2;1;4;1;2;2;2;2;2;2;2;2;2;1;2;;;;;;;;;;;;2;2;2;2;2;;;;;;6;2
534359;237;1;1;1;102.094431267344;11;1;1;2;2;1;2;2;5;2;2;;;;;;2;2;2;2;1;1;2;2;2;2;1;2;2;2;2;2;2;2;1;2;2;1;2;2;5;1;;;2
534471;237;1;1;1;983.213617740569;11;1;1;2;2;1;2;2;6;4;2;;;;;;2;2;2;2;2;2;;;;;;;;;;;;1;2;2;2;1;1;2;4;1;;;2
534508;237;1;1;1;5613.78790100586;3;1;1;1;2;2;2;2;1;2;1;2;2;2;2;2;2;2;2;2;1;1;1;2;2;2;1;2;2;2;2;2;2;2;2;2;2;2;;;;;;6;2
534519;237;1;1;1;876.113639950468;7;1;6;2;2;2;1;2;2;9;2;;;;;;2;2;1;2;2;1;2;2;1;2;2;2;2;2;1;2;2;2;2;2;2;2;;;;;;4;2
534558;237;1;1;1;65.3309319471879;4;2;9;2;1;2;1;2;6;9;2;;;;;;2;2;2;2;2;2;;;;;;;;;;;;2;2;2;2;1;2;2;5;1;;;2
534563;237;1;1;1;70.9463129177469;9;1;1;1;1;1;2;2;6;3;1;2;2;2;2;2;2;2;2;2;2;1;2;2;2;1;2;2;2;2;2;2;2;1;1;2;2;2;;;;;;7;2
534571;237;1;1;1;68.7678383111455;2;2;1;1;1;1;2;2;4;1;1;2;2;2;2;2;2;2;2;2;2;2;;;;;;;;;;;;1;2;2;2;2;;;;;;4;2
534583;237;1;1;1;56.2206879625189;10;1;6;2;1;2;2;2;2;2;1;2;2;2;2;2;2;2;2;2;1;2;;;;;;;;;;;;2;2;2;2;2;;;;;;7;2
534617;237;1;1;1;57.676347505014;6;1;2;2;2;1;2;2;2;2;1;2;2;2;2;2;2;2;2;2;2;2;;;;;;;;;;;;2;2;2;2;2;;;;;;3;2
534648;237;1;1;1;66.3062641960405;12;2;6;2;1;2;2;2;5;2;2;;;;;;2;2;2;2;1;1;2;2;2;2;2;2;1;2;2;2;2;2;1;2;2;2;;;;;;7;2
534792;237;1;1;1;93.5499212188046;8;1;6;2;1;1;2;2;2;2;2;;;;;;2;2;2;2;2;1;1;2;2;2;2;2;2;2;2;2;2;2;2;2;2;2;;;;;;3;2
534803;237;1;1;1;91.1975952314598;12;1;1;1;2;2;2;2;1;2;2;;;;;;2;2;2;2;2;2;;;;;;;;;;;;2;2;2;2;2;;;;;;4;2
534827;237;1;1;1;146.448329997857;7;1;6;2;1;2;2;2;2;2;1;2;2;2;2;2;2;2;2;2;2;1;1;2;2;2;2;2;2;2;2;2;2;2;2;2;2;2;;;;;;3;2
534843;237;1;1;1;984.032664960477;8;1;6;1;2;1;2;2;6;1;1;2;1;2;2;2;2;2;2;2;2;2;;;;;;;;;;;;2;1;2;2;1;1;1;3;1;;;2
534881;237;1;1;1;256.384691338406;3;1;1;2;1;2;2;2;4;1;1;2;2;2;2;2;2;2;2;2;2;1;2;2;2;2;1;2;2;2;2;2;2;2;2;2;2;2;;;;;;4;2
534897;237;1;1;1;195.837100432829;6;1;6;2;1;2;1;2;4;1;1;2;2;2;2;2;2;2;2;2;1;1;2;2;2;1;1;2;2;2;2;2;2;2;2;2;2;2;;;;;;3;2
534898;237;1;1;1;276.065345813144;11;1;6;1;1;2;1;2;3;1;1;2;2;2;2;2;2;2;2;2;2;1;2;2;2;2;2;2;2;2;2;2;2;2;2;2;2;2;;;;;;6;2
534931;237;1;1;1;266.358308835974;7;1;3;2;1;2;2;2;1;3;1;2;2;2;2;2;2;2;2;2;2;2;;;;;;;;;;;;2;2;2;2;2;;;;;;6;2
535054;237;1;1;1;37.7489620798786;10;1;1;2;1;1;2;2;6;3;2;;;;;;2;2;2;2;2;2;;;;;;;;;;;;1;1;2;2;1;1;1;3;2;4;;2
535146;237;1;1;1;560.757444777454;11;1;1;2;1;2;2;2;2;2;2;;;;;;2;2;2;2;2;2;;;;;;;;;;;;2;2;2;2;2;;;;;;3;2
535236;237;1;1;1;72.1761725198957;12;1;6;2;2;2;1;2;5;1;2;;;;;;2;2;2;2;2;2;;;;;;;;;;;;2;2;2;2;2;;;;;;3;2
535271;237;1;1;1;59.143345518493;8;1;6;1;1;2;2;2;2;2;2;;;;;;2;2;2;2;2;1;2;2;2;2;1;2;2;2;2;2;2;2;2;2;2;2;;;;;;3;2
535388;237;1;1;1;321.799028248461;3;1;2;1;2;2;2;2;4;9;2;;;;;;1;2;2;2;2;2;;;;;;;;;;;;2;2;2;2;2;;;;;;8;2
535464;237;1;1;1;94.3649169469207;7;1;5;2;2;1;2;2;3;2;1;2;2;2;2;2;2;2;2;2;2;2;;;;;;;;;;;;2;2;2;2;2;;;;;;8;2
535518;237;1;1;1;36.779715085221;9;1;6;2;1;2;1;1;5;1;1;2;2;2;2;2;2;2;2;2;2;1;2;2;2;1;2;2;2;2;2;2;2;2;2;2;2;2;;;;;;3;2
535536;237;1;1;1;44.9554898624619;8;1;6;2;1;2;2;2;3;4;1;2;2;2;2;2;2;1;2;2;2;1;1;2;2;2;2;2;2;2;2;2;2;2;2;2;2;2;;;;;;3;2
535565;237;1;1;1;40.1738393001266;9;1;6;2;1;2;2;2;2;4;1;2;2;2;2;2;2;1;2;2;2;2;;;;;;;;;;;;2;2;2;2;2;;;;;;6;2
535598;237;1;1;1;216.474960535515;4;1;6;2;1;2;2;2;2;1;1;2;2;2;2;2;2;2;2;2;2;1;1;2;2;2;2;2;2;2;2;2;2;2;2;2;2;2;;;;;;5;2
535600;237;1;1;1;329.479130206112;6;1;6;1;1;2;2;2;2;1;1;2;2;2;2;2;2;2;2;2;2;2;;;;;;;;;;;;1;2;2;2;1;3;1;4;1;;;2
535619;237;1;1;1;115.733493823929;4;1;1;1;1;1;2;2;6;3;2;;;;;;2;2;2;2;2;2;;;;;;;;;;;;2;1;2;2;1;3;1;1;2;1;;2
535765;237;1;1;1;480.681272580866;12;1;1;2;2;2;1;2;4;3;2;;;;;;2;2;2;2;1;1;1;1;2;2;1;2;2;2;2;2;2;2;2;2;2;2;;;;;;6;1
535951;237;1;1;1;1349.53290062588;9;1;3;2;2;2;1;2;1;4;1;2;2;2;2;2;2;2;2;2;2;2;;;;;;;;;;;;2;2;2;2;2;;;;;;6;2
536041;237;1;1;1;904.512349542586;9;1;1;1;2;2;2;2;3;3;2;;;;;;2;2;2;2;2;2;;;;;;;;;;;;2;2;2;2;2;;;;;;1;2
536367;237;1;1;1;1533.56180514348;9;1;6;1;1;2;2;2;2;1;1;2;2;2;2;2;2;2;2;2;2;2;;;;;;;;;;;;2;2;2;2;2;;;;;;6;2
536419;237;1;1;1;2042.25312017095;5;1;3;1;2;2;2;2;3;2;1;2;2;2;2;2;2;2;2;2;2;2;;;;;;;;;;;;2;2;2;2;2;;;;;;3;2
536469;237;1;1;1;390.583901230845;10;1;2;1;2;1;2;2;5;4;2;;;;;;2;2;2;2;2;2;;;;;;;;;;;;2;2;2;2;2;;;;;;5;2
536504;237;1;1;1;198.406443204062;3;1;3;2;2;2;1;2;4;4;1;2;2;2;2;2;2;2;2;2;2;2;;;;;;;;;;;;2;2;2;2;2;;;;;;3;2
536797;237;1;1;1;67.1210972789062;5;1;6;2;2;2;1;2;4;1;2;;;;;;2;2;2;2;2;2;;;;;;;;;;;;1;2;2;2;1;2;2;5;1;;;2
536817;237;1;1;1;62.4581047444125;3;1;3;1;2;2;2;2;2;2;1;2;2;2;2;2;2;2;2;2;2;2;;;;;;;;;;;;2;2;2;2;2;;;;;;3;2
536853;237;6;2;1;81.7877463172074;2;1;1;1;2;2;2;2;1;3;2;;;;;;2;2;2;2;2;2;;;;;;;;;;;;2;2;2;2;2;;;;;;3;2
536858;237;1;1;1;64.679761600995;7;1;2;1;2;1;2;2;2;1;2;;;;;;2;2;2;2;2;2;;;;;;;;;;;;2;2;2;2;2;;;;;;3;2
536971;237;1;1;1;43.9995259059486;4;1;6;1;2;2;2;2;3;4;2;;;;;;2;2;2;2;2;1;1;2;2;2;2;2;2;2;2;2;2;2;2;2;2;2;;;;;;3;2
537029;237;1;1;1;41.2820640471613;4;1;1;1;1;2;2;2;6;1;1;2;2;2;2;2;2;2;2;2;1;1;2;2;2;2;1;2;2;2;2;2;2;1;2;2;2;1;1;1;2;2;3;;2
537126;237;1;1;1;59.3520827172958;6;1;3;1;2;2;2;2;2;1;1;2;2;2;2;2;2;2;2;2;2;2;;;;;;;;;;;;2;2;2;2;2;;;;;;1;2
537147;237;1;1;1;59.3520827172958;9;1;6;2;2;2;1;2;3;2;2;;;;;;2;2;2;2;2;2;;;;;;;;;;;;2;2;2;2;2;;;;;;3;2
537198;237;1;1;1;70.8057081574879;10;2;1;2;1;1;2;2;5;9;2;;;;;;2;2;2;2;2;2;;;;;;;;;;;;2;1;2;2;1;2;2;1;2;3;;2
537266;237;1;1;1;38.2435416619778;12;1;1;1;1;1;1;2;6;3;2;;;;;;2;2;2;2;2;1;1;2;2;1;1;2;2;2;2;2;2;2;1;2;2;1;2;2;2;2;3;;2
537323;237;1;1;1;152.853512708146;3;1;1;1;1;1;2;2;6;1;2;;;;;;2;2;2;1;2;1;1;1;1;1;1;1;2;2;2;2;2;1;1;2;2;1;3;1;4;2;1;;2
537395;237;1;1;1;145.169340852319;3;1;6;2;1;2;2;2;2;3;1;2;2;2;2;2;2;2;2;2;2;2;;;;;;;;;;;;2;2;2;2;2;;;;;;3;2
537424;237;1;1;1;89.6852485428029;9;1;1;1;2;2;2;2;2;1;1;2;2;2;2;2;2;2;2;2;2;1;1;2;2;1;2;2;2;2;2;2;2;2;2;2;2;2;;;;;;3;2
537443;237;1;1;1;91.9490077557919;10;1;4;2;2;2;1;2;1;2;1;2;1;2;2;2;2;2;2;2;2;1;2;2;2;2;1;2;2;2;2;2;2;2;2;2;2;2;;;;;;6;2
537503;237;1;1;1;1866.60662500505;10;1;1;2;1;1;2;2;6;3;2;;;;;;2;2;2;2;1;1;2;2;2;2;1;2;2;2;2;2;2;1;;2;1;1;1;1;5;2;3;;2
537516;237;1;1;1;414.921015980383;6;1;1;1;2;2;2;2;2;3;1;2;2;2;2;2;2;2;2;2;1;2;;;;;;;;;;;;2;2;2;2;2;;;;;;4;2
537871;237;1;1;1;37.5722970300813;2;1;6;1;2;2;2;2;1;1;1;2;2;2;2;2;2;2;2;2;1;1;1;2;2;2;1;2;2;2;2;2;2;1;1;2;2;1;1;1;4;1;;;2
537910;237;1;1;1;46.1197097930031;11;1;6;2;2;2;1;2;2;1;1;2;2;2;2;2;2;2;2;2;1;1;2;2;2;2;2;2;2;2;2;2;2;1;1;2;2;1;3;1;1;2;2;;2
537955;237;1;1;1;459.27448033277;8;1;3;2;2;2;1;2;2;4;1;2;2;2;2;2;2;2;2;2;2;2;;;;;;;;;;;;2;;2;2;2;;;;;;1;2
538000;237;1;1;1;58.1736925771925;5;2;3;2;2;1;2;2;2;4;1;2;2;2;2;2;2;2;2;2;2;1;2;2;2;2;2;2;1;2;2;2;2;2;2;2;2;2;;;;;;6;1
538004;237;1;1;1;61.5502702167535;2;1;6;2;1;2;2;2;2;1;1;2;1;2;2;2;2;2;2;2;2;2;;;;;;;;;;;;1;1;2;2;2;;;;;;6;2
538071;237;1;1;1;56.3991696600669;12;1;3;2;2;1;2;2;3;3;1;2;2;2;2;2;2;2;2;2;2;1;1;2;2;2;2;2;2;2;2;2;2;2;2;2;2;2;;;;;;8;2
538083;237;1;1;1;63.6394487324689;11;1;2;1;1;2;1;2;2;3;2;;;;;;2;2;2;2;2;2;;;;;;;;;;;;2;2;2;2;2;;;;;;3;2
538101;237;1;1;1;58.1916298867148;4;1;1;1;2;1;2;2;5;2;2;;;;;;2;2;2;2;1;2;;;;;;;;;;;;2;1;2;2;2;;;;;;3;2
538225;237;1;1;1;52.3212666992465;5;1;3;1;2;1;2;2;6;2;1;2;2;2;2;2;2;2;2;2;2;2;;;;;;;;;;;;2;2;2;2;2;;;;;;1;2
538237;237;1;1;1;60.900264640698;7;1;1;1;2;2;1;2;3;2;1;2;2;2;2;2;2;2;2;1;2;1;2;1;2;1;2;2;2;2;2;2;2;1;2;2;2;2;;;;;;4;2
538399;237;1;1;1;654.440550811847;6;1;6;2;1;2;2;2;3;4;2;;;;;;2;2;2;2;2;2;;;;;;;;;;;;2;2;2;2;2;;;;;;8;2
538495;237;1;1;1;37.4528177428737;3;1;7;1;2;1;2;2;4;1;1;2;1;2;2;2;2;2;2;2;2;2;;;;;;;;;;;;2;2;2;2;2;;;;;;3;2
538507;237;1;1;1;102.154708807362;7;1;3;2;1;2;2;2;1;3;1;2;2;2;2;2;2;2;2;2;1;2;;;;;;;;;;;;2;2;2;2;2;;;;;;6;2
538509;237;1;1;1;141.457528310113;4;1;1;1;2;1;2;2;4;3;2;;;;;;2;2;2;2;1;1;2;2;2;2;1;2;2;2;2;2;2;2;2;2;2;1;2;2;3;1;;;2
538700;237;1;1;1;78.7941001207313;9;1;6;2;2;2;1;2;1;2;2;;;;;;2;2;2;2;2;2;;;;;;;;;;;;2;2;2;2;2;;;;;;6;2
538725;237;1;1;1;84.3895473176499;4;2;1;1;1;2;2;2;6;9;2;;;;;;2;2;2;2;2;1;2;2;2;2;2;2;1;2;2;2;2;2;1;2;2;1;1;2;5;1;;;2
538750;237;1;1;1;78.9060786303348;12;1;3;1;2;2;2;2;3;2;1;2;2;2;2;2;2;2;2;2;1;1;2;2;2;2;1;2;2;2;2;2;2;2;2;2;2;2;;;;;;4;2
538860;237;1;1;1;1907.64982375681;2;1;3;2;2;2;1;2;3;3;2;;;;;;2;2;2;2;2;2;;;;;;;;;;;;2;2;2;2;2;;;;;;6;2
539044;237;1;1;1;74.9595983385623;3;2;6;2;1;2;2;2;2;3;2;;;;;;2;2;2;2;2;1;2;2;2;2;2;2;1;2;2;2;2;2;2;2;2;2;;;;;;2;2
539056;237;1;1;1;75.3531560675382;4;1;1;2;2;1;2;2;2;1;2;;;;;;2;2;2;2;2;2;;;;;;;;;;;;2;1;2;2;2;;;;;;7;2
539096;237;1;1;1;60.3591613344454;12;1;3;2;1;2;2;2;1;1;1;2;2;2;2;2;2;2;2;2;1;2;;;;;;;;;;;;2;2;2;2;2;;;;;;6;1
539102;237;1;1;1;75.3531560675382;11;1;6;1;1;1;2;2;4;1;1;2;2;2;2;2;2;2;2;2;1;2;;;;;;;;;;;;2;2;2;2;2;;;;;;3;2
539177;237;1;1;1;81.2576599335791;10;1;2;2;2;1;2;2;6;3;2;;;;;;2;2;2;2;2;2;;;;;;;;;;;;2;1;2;2;1;3;1;5;1;;;2
539221;237;1;1;1;75.8126957890275;9;1;1;1;2;1;2;1;3;2;2;;;;;;2;2;2;2;2;1;2;2;2;2;1;2;2;2;2;2;2;2;2;2;2;1;2;2;1;2;3;;2
539245;237;1;1;1;141.922020939214;3;1;1;1;1;2;2;2;5;1;1;2;2;2;2;2;2;2;2;2;2;2;;;;;;;;;;;;2;2;2;2;2;;;;;;3;2
539299;237;1;1;1;950.906551213664;3;1;1;2;1;2;2;2;2;4;2;;;;;;2;2;2;2;2;1;1;2;2;2;1;2;2;2;2;2;2;2;2;2;2;2;;;;;;8;2
539355;237;1;1;1;224.302079223807;6;1;3;2;2;1;2;2;5;9;2;;;;;;2;2;2;2;2;2;;;;;;;;;;;;2;2;2;2;2;;;;;;8;2
539367;237;1;1;1;242.561737785045;3;1;3;2;2;2;2;1;4;1;1;2;2;2;2;2;2;2;2;2;2;1;2;2;2;2;2;2;2;2;2;1;2;2;2;2;2;2;;;;;;1;2
539371;237;1;1;1;411.549540967438;1;1;1;1;2;2;2;2;3;9;2;;;;;;2;1;2;2;1;1;2;2;2;2;1;2;2;2;2;2;2;2;2;2;2;2;;;;;;3;2
539417;237;1;1;1;307.124411004492;12;1;3;1;2;2;2;2;3;4;2;;;;;;2;2;2;2;2;2;;;;;;;;;;;;2;2;2;2;2;;;;;;6;2
539463;237;1;1;1;308.959645503813;12;1;6;2;2;2;1;2;4;1;1;2;2;2;2;1;2;2;2;2;2;1;2;2;2;2;1;2;2;2;2;2;2;2;2;2;2;1;4;;5;;;;2
539478;237;1;1;1;195.837100432829;4;1;6;1;2;2;2;2;4;1;1;2;2;2;2;2;2;2;2;2;2;1;2;2;2;1;1;2;2;2;2;2;2;2;1;2;2;1;1;1;5;1;;;2
539535;237;1;1;1;450.402146606827;7;1;2;2;2;1;2;2;4;4;2;;;;;;2;2;2;2;2;2;;;;;;;;;;;;2;2;2;2;2;;;;;;8;2
539655;237;1;1;1;64.2878073111897;8;1;1;1;2;2;2;2;4;4;2;;;;;;2;2;2;2;2;2;;;;;;;;;;;;2;2;2;2;2;;;;;;6;2
539666;237;1;1;1;79.0280517324335;11;1;1;1;1;2;1;2;4;1;1;2;2;2;2;2;2;2;2;2;2;1;1;2;1;2;1;2;2;2;2;2;2;2;2;2;2;2;;;;;;3;2
539670;237;1;1;1;63.5578711119102;9;1;1;2;1;1;2;2;2;1;1;2;2;2;2;2;2;2;2;2;2;1;2;2;2;2;1;2;2;2;2;2;2;2;2;2;2;2;;;;;;6;2
539701;237;1;1;1;158.267572239539;12;1;2;1;2;2;2;2;5;9;1;2;2;2;2;2;2;2;2;2;2;2;;;;;;;;;;;;2;2;2;2;2;;;;;;8;2
539748;237;1;1;1;66.4855716568685;11;1;3;1;2;2;2;2;3;3;2;;;;;;2;2;1;2;2;1;1;2;2;2;2;2;2;2;2;2;2;2;2;2;2;2;;;;;;5;2
539790;237;1;1;1;66.0303197364972;6;1;3;2;2;1;2;2;2;2;1;2;1;2;1;2;2;2;2;2;2;1;1;2;2;2;2;2;2;2;2;2;2;1;2;2;2;1;3;1;3;2;3;;2
539812;237;1;1;1;73.9576068230275;3;1;6;2;2;2;2;1;2;1;1;2;2;2;2;2;2;2;2;2;2;2;;;;;;;;;;;;2;1;2;2;1;3;1;3;1;;;2
539826;237;1;1;1;70.4531618483072;2;2;3;1;2;2;1;2;2;3;1;2;2;2;2;2;2;2;2;2;2;1;2;2;1;1;2;2;2;2;2;2;2;2;2;2;2;2;;;;;;3;2
539974;237;1;1;1;45.8386550899967;10;1;3;1;2;1;2;2;5;4;1;1;2;2;2;2;2;2;2;1;2;2;;;;;;;;;;;;2;1;2;2;1;1;1;1;1;;;2
539990;237;1;1;1;48.1401299668934;9;1;6;2;1;2;2;2;2;1;2;;;;;;2;2;2;2;2;2;;;;;;;;;;;;2;2;2;2;2;;;;;;6;2
540441;237;1;1;1;155.982465365843;6;1;6;2;1;2;2;2;2;1;1;2;2;2;2;2;2;2;2;2;1;2;;;;;;;;;;;;2;2;2;2;2;;;;;;8;2
540443;237;1;1;1;181.825089045688;12;1;1;2;2;2;2;1;3;1;1;2;2;2;2;2;1;2;2;2;2;1;2;2;2;2;1;2;2;2;2;2;2;2;2;2;2;2;;;;;;8;2
540469;237;1;1;1;92.5735726254717;7;1;6;1;2;2;2;2;4;4;1;2;2;2;2;2;2;2;2;2;2;2;;;;;;;;;;;;2;2;2;2;2;;;;;;3;2
540617;237;1;1;1;44.1901895552868;12;1;1;2;2;1;2;2;3;1;2;;;;;;1;2;2;2;2;2;;;;;;;;;;;;2;2;2;2;2;;;;;;3;2
540695;237;1;1;1;41.8493963665184;6;1;1;1;2;1;2;2;5;4;2;;;;;;1;2;2;2;1;1;1;2;2;1;1;2;2;2;2;2;2;2;1;2;2;1;1;1;2;2;3;;2
540820;237;1;1;1;63.6394487324689;3;1;1;1;1;1;2;2;5;3;2;;;;;;1;2;2;1;2;1;1;1;2;2;1;2;2;2;2;2;2;2;1;1;2;1;3;1;5;1;;;2
540985;237;1;1;1;34.6985327505451;10;1;1;1;2;2;2;2;5;1;1;2;2;2;2;2;2;2;2;2;2;2;;;;;;;;;;;;2;1;2;2;1;1;1;5;1;;;2
541006;237;1;1;1;43.9773381933836;6;1;6;1;2;2;1;2;4;4;1;2;2;2;2;2;2;2;2;2;2;2;;;;;;;;;;;;2;2;2;1;1;1;1;4;2;1;;2
541274;237;1;1;1;1024.06575807868;2;1;1;2;1;2;2;2;4;1;1;2;2;2;2;2;2;2;2;2;2;1;1;2;2;2;1;1;2;2;2;1;1;2;2;2;2;2;;;;;;3;2
541482;237;1;1;1;57.5122318386473;10;1;1;2;1;2;2;2;2;1;1;2;2;2;2;2;2;1;2;2;1;1;2;2;2;2;1;2;2;2;2;2;2;2;2;2;2;2;;;;;;6;2
541558;237;1;1;1;74.3926178621974;1;1;6;1;2;2;2;2;2;4;1;2;2;2;2;2;2;2;2;2;2;1;2;2;1;2;2;2;2;2;2;2;2;2;2;2;2;2;;;;;;7;2
541737;237;1;1;1;36.0114746307749;1;1;1;1;2;1;2;2;6;3;2;;;;;;2;2;2;2;2;2;;;;;;;;;;;;1;1;2;2;1;1;1;5;1;;;2
541742;237;1;1;1;1257.51074087287;12;1;6;2;2;1;2;2;2;1;1;2;2;2;2;2;2;2;2;2;2;2;;;;;;;;;;;;2;2;2;2;2;;;;;;6;2
541747;237;1;1;1;68.6868879163544;5;1;1;2;1;1;2;2;6;1;1;2;2;2;2;2;2;2;2;2;2;1;2;2;2;2;1;2;2;2;2;2;2;2;2;2;2;2;;;;;;4;2
541887;237;1;1;1;107.727054679016;7;2;2;1;2;2;2;2;4;3;1;2;2;2;2;2;2;2;2;2;2;2;;;;;;;;;;;;2;2;2;2;2;;;;;;3;2
541891;237;1;1;1;117.735971079009;12;1;3;2;2;2;2;1;2;1;1;2;2;2;2;2;2;2;2;2;2;2;;;;;;;;;;;;2;2;2;2;2;;;;;;3;2
542004;237;1;1;1;265.541479078112;9;1;6;1;2;2;1;2;5;1;1;2;2;2;2;2;2;2;2;2;1;1;1;2;2;2;1;2;2;2;2;2;2;2;2;2;2;1;1;1;2;2;4;;2
542018;237;1;1;1;193.629402510043;6;1;1;1;1;1;1;2;5;3;2;;;;;;2;2;2;2;2;1;2;2;2;2;1;1;2;2;2;2;2;2;2;2;2;2;;;;;;3;2
542087;237;1;1;1;204.60749969495;6;1;3;1;1;2;2;2;2;3;1;2;2;2;2;2;2;2;2;2;1;1;2;2;2;2;2;2;2;2;2;2;2;2;2;2;2;2;;;;;;3;2
542130;237;1;1;1;35.8049856965308;6;1;1;1;2;2;2;2;5;3;2;;;;;;2;2;2;2;2;2;;;;;;;;;;;;2;2;2;2;2;;;;;;3;2
542143;237;1;1;1;39.3832738289551;2;1;1;1;2;2;2;2;3;4;1;2;2;2;2;2;2;2;2;2;2;2;;;;;;;;;;;;2;2;2;2;2;;;;;;8;2
542194;237;1;1;1;83.6987927330367;6;1;6;2;2;2;1;2;2;3;1;2;2;2;2;2;2;2;2;2;2;2;;;;;;;;;;;;2;2;2;2;2;;;;;;3;2
542387;237;1;1;1;1677.89545439554;9;1;1;1;1;1;2;2;6;3;2;;;;;;2;2;2;2;2;1;2;2;2;2;1;2;2;2;2;2;2;2;2;2;2;2;;;;;;4;2
542426;237;1;1;1;959.951909098321;11;1;1;2;1;1;2;2;5;3;2;;;;;;2;2;2;2;2;2;;;;;;;;;;;;2;2;2;2;2;;;;;;1;2
542528;237;1;1;1;1686.27672418573;2;1;3;2;1;1;1;2;4;4;1;1;2;2;2;2;2;2;2;2;2;2;;;;;;;;;;;;2;;2;2;1;1;1;1;1;;;2
542583;237;1;1;1;492.684528258838;7;2;3;2;2;2;1;2;1;2;1;2;2;2;2;2;2;2;2;2;2;1;1;2;2;2;2;2;2;2;2;2;2;2;2;2;2;2;;;;;;6;2
542584;237;1;1;1;382.351878845429;6;1;3;2;1;2;2;2;1;1;2;;;;;;2;2;2;2;2;2;;;;;;;;;;;;2;2;2;1;1;1;1;1;2;1;;2
542690;237;1;1;1;62.88376428934;12;1;4;1;2;1;2;2;5;4;1;1;2;2;2;2;2;2;2;2;1;2;;;;;;;;;;;;2;1;2;2;2;;;;;;3;2
542740;237;1;1;1;75.3531560675382;12;2;3;1;2;2;2;2;5;3;2;;;;;;2;2;2;2;2;2;;;;;;;;;;;;2;2;2;2;2;;;;;;3;2
542753;237;1;1;1;99.7440917488006;11;1;6;1;2;2;2;2;2;4;2;;;;;;2;2;2;1;2;2;;;;;;;;;;;;2;1;2;2;1;1;1;1;1;;;2
542885;237;1;1;1;93.5499212188046;1;1;6;2;1;2;2;2;2;2;2;;;;;;2;2;2;2;2;2;;;;;;;;;;;;2;1;2;2;1;1;1;5;2;2;;1
543163;237;1;1;1;541.351953796649;6;1;3;2;2;2;2;1;2;1;1;2;2;2;2;2;2;1;2;2;2;2;;;;;;;;;;;;2;2;2;2;2;;;;;;3;2
543673;237;1;1;1;78.3096866450953;11;1;6;1;1;2;2;2;2;4;2;;;;;;2;2;2;2;2;1;2;2;2;1;2;1;2;2;2;2;2;2;2;2;2;2;;;;;;3;2
543693;237;1;1;1;60.735094072824;2;1;6;2;2;2;1;2;2;1;1;2;2;2;2;2;2;2;2;2;2;2;;;;;;;;;;;;2;2;2;2;2;;;;;;3;2
544103;237;1;1;1;511.259422735783;7;1;1;1;1;1;2;2;6;4;2;;;;;;2;2;2;2;2;1;2;2;2;1;2;2;2;2;2;2;2;2;;2;1;1;1;1;4;1;;;2
544152;237;1;1;1;46.0585205280595;1;1;1;1;1;1;1;2;6;1;1;2;2;2;2;2;2;2;2;2;2;1;1;2;2;2;2;2;2;2;2;2;2;2;1;2;2;1;1;1;1;1;;;2
544191;237;1;1;1;39.5082526665189;5;2;6;1;2;2;2;2;5;1;1;2;2;2;2;2;2;2;2;2;2;2;;;;;;;;;;;;2;1;2;2;1;2;1;3;1;;;2
544225;237;1;1;1;937.432370949444;10;1;1;1;2;2;2;2;5;1;1;2;2;2;2;2;2;2;2;2;2;1;2;2;2;1;1;2;2;2;2;2;2;2;;2;2;2;;;;;;6;2
544443;237;1;1;1;972.496192109141;2;1;6;2;2;2;1;2;2;1;1;2;2;2;2;1;2;2;2;2;1;1;1;2;2;2;2;2;2;2;2;2;2;2;2;2;2;2;;;;;;3;2
544489;237;1;1;1;887.042117212494;7;1;1;1;2;1;2;2;3;4;1;1;2;2;2;2;2;2;2;2;1;1;2;2;2;2;1;2;2;2;2;2;2;1;1;1;2;1;2;2;3;1;;;2
544791;237;1;1;1;992.958008786617;1;2;4;1;2;2;1;2;5;4;1;1;2;2;1;2;2;2;2;1;2;1;2;2;2;2;2;2;1;2;2;2;2;2;1;2;2;1;1;1;1;1;;;2
544823;237;1;1;1;71.3964936716028;10;1;1;1;2;1;2;2;5;4;1;2;2;2;2;2;2;2;2;2;2;2;;;;;;;;;;;;2;1;2;2;1;4;;2;;;;2
544841;237;1;1;1;69.643536242904;1;1;1;2;1;1;2;2;6;1;2;;;;;;2;2;2;2;2;1;2;2;2;2;1;2;2;2;2;2;2;2;2;2;2;2;;;;;;7;2
545358;237;1;1;1;101.154841446898;1;2;3;2;2;2;2;1;2;1;1;2;2;2;2;2;2;2;2;2;2;2;;;;;;;;;;;;2;2;2;2;2;;;;;;6;2
545478;237;1;1;1;343.611600389645;6;1;1;1;2;2;2;2;2;1;1;2;1;2;2;2;2;2;2;2;2;1;2;2;2;2;1;2;2;2;2;2;2;2;2;2;2;2;;;;;;7;2
545486;237;1;1;1;599.648830858531;9;1;1;2;2;2;2;1;2;1;1;2;2;2;2;2;2;2;2;2;2;1;2;2;1;2;1;2;2;2;2;2;2;2;2;2;2;2;;;;;;6;2
545558;237;1;1;1;254.97475593757;3;2;3;2;1;1;2;2;4;4;2;;;;;;2;2;2;2;2;1;2;2;2;2;2;2;1;2;2;2;2;2;2;2;2;2;;;;;;3;2
545686;237;1;1;1;41.7163967820443;2;1;3;2;2;2;1;2;2;3;1;2;2;2;2;2;2;2;2;2;2;1;2;2;2;2;1;2;2;2;2;2;2;2;2;2;2;2;;;;;;6;2
546208;237;1;1;1;63.0095404302173;3;1;6;2;2;2;1;2;1;1;1;2;2;2;2;2;2;2;2;2;2;2;;;;;;;;;;;;2;2;2;2;2;;;;;;3;2
546628;237;1;1;1;26.7104814753713;7;1;1;1;2;1;2;2;5;1;2;;;;;;2;2;2;2;2;2;;;;;;;;;;;;2;2;2;2;1;1;1;5;2;1;;2
546862;237;1;1;1;338.192206872872;8;1;1;2;1;1;2;2;6;2;2;;;;;;2;2;2;2;2;1;2;1;2;1;2;2;2;2;2;2;2;1;2;2;2;1;4;;5;;;;1
546867;237;1;1;1;39.9088308880635;9;1;1;1;1;1;2;2;6;1;1;1;1;2;2;2;2;2;2;2;2;1;2;2;2;1;1;2;2;2;2;2;2;2;1;2;2;1;1;1;5;1;;;2
547718;237;1;1;1;195.837100432829;3;1;3;2;1;2;1;2;5;1;1;2;2;2;2;2;2;2;2;2;1;1;2;2;2;2;1;2;2;2;2;2;2;2;2;2;2;2;;;;;;4;2
548053;237;1;1;1;58.4416337856869;1;1;1;1;1;1;2;2;5;3;2;;;;;;2;2;2;2;2;1;2;2;2;2;1;2;2;2;2;2;2;2;2;2;2;2;;;;;;3;2
548575;237;1;1;1;694.871553523771;11;2;6;2;1;2;2;2;2;3;1;2;2;2;2;2;2;2;2;2;1;1;2;2;2;2;2;2;1;2;2;2;2;2;;2;2;2;;;;;;8;2
549118;237;1;1;1;990.168573558135;3;1;1;1;2;2;2;2;5;4;1;2;2;2;2;2;2;2;2;2;1;1;1;2;2;1;1;2;2;2;2;2;2;1;1;2;2;1;1;1;1;2;3;;2
549237;237;1;1;1;917.258781672308;8;1;3;2;2;1;2;2;3;2;1;2;2;2;1;2;2;2;2;2;1;2;;;;;;;;;;;;2;2;2;2;2;;;;;;4;2
549302;237;1;1;1;362.589514473583;11;1;1;2;2;2;2;1;2;1;1;2;2;2;1;2;2;2;2;2;2;2;;;;;;;;;;;;1;1;2;2;1;3;2;5;2;4;;2
549442;237;1;1;1;246.277340829534;10;1;1;1;2;1;2;2;4;2;2;;;;;;2;2;2;2;2;1;2;2;2;2;1;2;2;2;2;2;2;1;1;2;2;1;4;;4;;;;2
549464;237;1;1;1;116.343063274815;3;1;1;2;2;2;1;2;2;1;1;2;2;2;2;2;2;2;2;2;2;2;;;;;;;;;;;;2;2;2;2;2;;;;;;5;2
549579;237;1;1;1;61.5502702167535;5;1;7;1;1;2;2;2;5;4;2;;;;;;2;2;2;2;2;1;1;2;2;2;2;2;2;2;2;2;2;2;2;2;2;2;;;;;;3;2
549581;237;1;1;1;64.0211347947722;1;1;3;2;2;2;1;2;1;1;2;;;;;;2;2;2;2;2;2;;;;;;;;;;;;2;2;2;2;2;;;;;;6;2
549665;237;1;1;1;1465.71039048257;4;1;1;1;2;2;1;2;4;1;1;2;2;2;2;2;2;2;2;1;2;1;2;2;2;2;1;2;2;2;2;2;2;2;2;2;2;2;;;;;;8;2
549673;237;1;1;1;235.280176408714;6;1;3;1;2;1;1;2;6;3;1;1;2;2;1;2;2;2;2;2;1;2;;;;;;;;;;;;1;1;2;2;1;2;1;5;2;3;;2
549688;237;1;1;1;253.153446492368;3;2;4;1;1;1;1;2;6;2;1;1;2;2;1;2;2;1;2;2;1;1;2;2;1;2;1;2;2;2;2;2;2;1;2;2;1;1;2;2;4;2;4;;2
549699;237;1;1;1;983.213617740569;6;1;1;1;2;2;2;2;2;3;1;1;2;2;2;2;2;2;2;2;2;1;1;2;2;2;2;2;2;2;2;1;2;1;2;2;2;1;1;1;1;1;;;2
