"DIRECTORIO";"NRO_ENCUESTA";"SECUENCIA_ENCUESTA";"SECUENCIA_P";"ORDEN";"FEX_C";"P587";"P1313";"P1311";"P1308";"P588";"P1306";"P1226S1";"P1226S2";"P1225";"P1298";"P1297";"P1601";"P1294";"P589";"P590";"P1112";"P1602";"P1603";"P1227"
501462;237;3;1;3;1128.17291484458;"6";1;9;4;1;1;2;2;6;1;2;2;2;;;;;;8
501487;237;2;1;2;101.095348838445;"7";1;2;2;5;1;1;1;1;1;3;1;1;3;3;2;1;;
501504;237;1;1;1;91.2032828452719;"12";1;7;3;7;1;1;2;4;1;4;2;2;;;;;;8
501598;237;1;1;1;68.247255765681;"12";1;2;1;2;1;2;2;1;1;3;2;2;;;;;;6
501601;237;1;1;1;73.5749682782042;"4";1;6;4;1;2;;;6;1;2;2;2;;;;;;5
501649;237;2;1;2;106.82901045266;"1";1;7;4;1;2;;;6;1;4;2;2;;;;;;6
501650;237;3;1;3;71.4279973253233;"8";1;7;1;1;2;;;6;1;2;2;2;;;;;;5
501722;237;1;1;1;385.814205820052;"6";1;2;4;7;2;;;3;2;;1;1;1;1;4;2;1;
501769;237;1;1;1;313.503157894737;"3";1;5;4;1;1;1;2;6;2;;2;2;;;;;;3
501774;237;2;1;2;930.51226019584;"8";1;7;1;6;1;2;2;6;1;4;2;2;;;;;;5
501792;237;3;1;3;406.353981925937;"6";1;7;4;1;2;;;6;2;;2;2;;;;;;1
501812;237;1;1;1;43.9995259059486;"12";1;9;4;1;2;;;6;1;3;2;2;;;;;;6
502013;237;1;1;1;240.504303655795;"10";1;7;2;2;2;;;6;1;3;2;2;;;;;;6
502013;237;2;1;2;240.504303655795;"11";1;2;2;1;2;;;2;1;1;1;1;1;1;3;1;;
502111;237;3;1;3;411.722098296406;"11";1;9;4;1;1;1;2;6;1;5;2;2;;;;;;6
502219;237;2;1;2;1217.33350693806;"10";1;7;3;5;2;;;3;2;;2;2;;;;;;1
502312;237;3;1;3;63.0975638199174;"2";1;7;3;8;1;2;1;2;1;2;2;1;3;3;4;1;;
502312;237;6;1;6;63.0975638199174;"3";1;1;3;1;2;;;6;1;4;2;2;;;;;;5
502336;237;4;1;4;52.8486183464183;"12";1;7;1;6;2;;;6;1;4;2;2;;;;;;6
502361;237;2;1;2;73.5749682782042;"6";1;7;3;1;2;;;2;1;4;2;1;1;1;2;1;;
502375;237;3;1;3;72.3531419981524;"10";1;7;3;2;2;;;6;2;;2;2;;;;;;6
502448;237;2;1;2;124.441461837937;"10";1;7;3;1;2;;;6;1;3;1;2;;;;;;3
502449;237;3;1;3;68.6640087390428;"2";1;7;4;2;2;;;6;1;3;2;2;;;;;;6
502509;237;2;1;2;109.641958561891;"11";1;7;4;8;1;2;2;1;1;5;2;2;;;;;;2
502530;237;2;1;2;287.05736805217;"10";2;2;4;1;2;;;7;1;1;2;2;;;;;;5
502535;237;4;1;4;202.472785926248;"10";1;6;4;1;2;;;6;1;2;2;2;;;;;;6
502546;237;2;1;2;419.435268499406;"9";1;7;3;1;2;;;6;2;;2;2;;;;;;2
502592;237;1;1;1;224.302079223807;"3";1;6;4;2;2;;;3;2;;1;1;1;1;3;2;4;
502619;237;1;1;1;40.6982721628379;"11";1;2;4;2;2;;;6;1;3;1;2;;;;;;6
502619;237;3;1;3;40.6982721628379;"11";1;2;4;1;1;2;2;6;1;3;1;2;;;;;;6
502622;237;2;1;2;41.5025163792085;"12";1;7;4;1;2;;;3;1;2;2;2;;;;;;6
502641;237;1;1;1;40.1438525800024;"11";1;7;2;3;1;2;2;4;2;;2;2;;;;;;3
502641;237;2;1;2;40.1438525800024;"12";1;1;2;3;2;;;4;2;;2;2;;;;;;3
502717;237;1;1;1;46.7849494152571;"12";1;7;9;1;2;;;6;2;;2;2;;;;;;3
502720;237;1;1;1;892.348123331318;"11";1;7;4;1;1;2;2;6;1;4;2;2;;;;;;3
502773;237;2;1;2;69.1482660696977;"5";1;1;2;1;2;;;6;1;4;2;2;;;;;;6
502901;237;2;1;2;61.2240051708212;"12";1;9;4;1;2;;;6;1;2;2;2;;;;;;3
502921;237;4;1;4;748.957383231727;"5";1;3;4;1;2;;;6;1;4;2;2;;;;;;4
502922;237;2;1;2;640.68192980555;"6";1;7;4;2;2;;;6;1;3;1;2;;;;;;6
502983;237;2;1;2;523.780049197874;"2";1;7;1;2;2;;;6;1;2;2;2;;;;;;6
503091;237;2;1;2;45.5953290850389;"10";1;7;2;5;2;;;6;1;5;2;2;;;;;;6
503141;237;1;1;1;1341.37951681979;"10";1;7;4;1;2;;;6;1;3;2;2;;;;;;6
503189;237;2;1;2;115.864079401478;"10";1;7;2;6;2;;;6;1;3;2;2;;;;;;6
503275;237;2;1;2;652.522422363552;"11";1;2;4;1;1;2;2;2;1;3;2;1;1;1;3;2;1;
503496;237;1;1;1;58.1326721778212;"3";1;9;4;2;2;;;6;1;4;2;1;1;2;4;1;;
503518;237;1;1;1;485.16384180791;"9";1;2;2;7;1;2;1;2;1;3;2;1;3;3;4;2;3;
503529;237;4;1;4;63.0392390091454;"8";1;1;3;2;2;;;6;2;;2;2;;;;;;1
503543;237;3;1;3;45.3481502031107;"12";2;6;4;1;2;;;6;1;4;2;2;;;;;;6
503563;237;1;1;1;67.0598534904618;"10";1;2;1;7;2;;;2;1;2;1;1;1;1;4;2;3;
503578;237;1;1;1;68.247255765681;"1";2;7;4;1;2;;;6;2;;2;2;;;;;;7
503621;237;1;1;1;61.7437913948035;"8";1;2;3;1;2;;;2;1;3;1;2;;;;;;1
503621;237;3;1;3;61.7437913948035;"6";1;7;1;3;1;1;2;3;2;;1;2;;;;;;6
503621;237;4;1;4;61.7437913948035;"2";1;6;4;1;2;;;6;2;;2;2;;;;;;6
503689;237;1;1;1;99.7440917488006;"10";1;1;4;1;1;1;2;6;1;3;1;2;;;;;;3
503779;237;2;1;2;132.825231182095;"12";1;1;4;3;2;;;6;2;;2;2;;;;;;6
503858;237;1;1;1;298.85229499494;"12";1;4;1;1;2;;;6;2;;1;2;;;;;;6
503893;237;2;1;2;43.6589742825004;"4";1;7;3;1;2;;;6;1;4;2;2;;;;;;6
503893;237;3;1;3;43.6589742825004;"6";1;9;4;1;2;;;6;2;;2;2;;;;;;1
503912;237;1;1;1;83.6987927330367;"11";1;9;4;2;1;1;2;6;2;;2;2;;;;;;6
503924;237;1;1;1;44.7564398670461;"10";1;7;3;1;2;;;6;2;;2;2;;;;;;6
503925;237;1;1;1;44.2879523319654;"2";1;2;4;6;2;;;4;1;3;2;2;;;;;;3
503940;237;2;1;2;95.103066351894;"10";1;7;3;8;2;;;6;1;2;2;2;;;;;;5
503948;237;1;1;1;41.226423326696;"11";1;7;2;2;2;;;6;2;;2;2;;;;;;6
503965;237;3;1;3;40.6119014228626;"11";1;7;1;1;1;2;2;6;2;;2;2;;;;;;6
504017;237;3;1;3;67.4114421844254;"8";1;1;3;1;2;;;6;1;4;2;2;;;;;;6
504020;237;1;1;1;61.5502702167535;"2";1;7;4;1;1;1;1;6;1;3;2;1;3;3;3;1;;
504020;237;3;1;3;61.5502702167535;"10";1;7;4;1;2;;;6;2;;1;2;;;;;;3
504068;237;3;1;3;60.3606842799378;"11";1;1;1;1;2;;;6;2;;2;2;;;;;;6
504073;237;2;1;2;63.4469170139796;"3";1;7;3;3;2;;;6;1;3;2;2;;;;;;6
504122;237;1;1;1;63.7135895303972;"1";1;9;1;6;2;;;6;2;;2;2;;;;;;3
504148;237;1;1;1;61.974439075972;"9";1;7;2;1;2;;;6;2;;2;2;;;;;;6
504342;237;1;1;1;593.762062121202;"12";1;9;1;2;2;;;6;2;;2;2;;;;;;6
504391;237;1;1;1;302.704569734068;"10";1;2;3;1;2;;;2;1;3;1;2;;;;;;8
504397;237;3;1;3;282.976281611801;"2";1;2;1;1;2;;;6;1;3;2;2;;;;;;6
504428;237;1;1;1;338.192206872872;"11";1;2;3;1;2;;;7;1;1;2;2;;;;;;6
504574;237;2;1;2;45.5870823985281;"11";1;7;4;1;2;;;6;1;4;2;2;;;;;;6
504596;237;4;1;4;47.5351390501738;"7";1;7;4;6;2;;;6;1;4;2;2;;;;;;3
504622;237;3;1;3;48.1401299668934;"2";1;7;1;1;1;1;1;2;1;2;1;1;3;3;3;1;;
504820;237;1;1;1;182.406565690544;"12";1;7;3;1;2;;;6;1;4;2;2;;;;;;3
504970;237;3;1;3;244.060436077355;"7";1;7;4;1;1;1;2;6;1;4;2;2;;;;;;8
505010;237;1;1;1;990.168573558135;"10";1;7;4;1;2;;;6;2;;2;2;;;;;;6
505014;237;1;1;1;979.451147926706;"2";1;2;4;1;1;2;1;5;1;5;1;1;4;4;2;2;3;
505020;237;1;1;1;801.437041087569;"6";1;2;3;1;2;;;2;1;4;1;1;3;3;2;2;5;
505061;237;3;1;3;1151.04948089593;"1";1;7;1;1;2;;;6;1;3;2;1;1;1;4;2;1;
505105;237;4;1;4;45.6817559572012;"3";1;7;3;1;2;;;6;2;;2;2;;;;;;6
505167;237;2;2;1;542.410810137242;"1";1;7;2;1;2;;;2;2;;2;1;1;1;1;2;2;
505171;237;1;1;1;548.63578681864;"11";1;2;2;1;1;2;2;6;2;;2;2;;;;;;6
505206;237;1;1;1;80.1200845048115;"4";1;2;1;1;1;2;2;2;1;3;2;1;2;2;2;1;;
505366;237;1;1;1;254.97475593757;"12";1;6;4;1;2;;;7;1;2;2;2;;;;;;3
505408;237;2;1;2;329.099672610219;"12";1;3;3;2;2;;;2;1;3;1;1;1;1;4;2;2;
505517;237;3;1;3;61.5502702167535;"11";1;7;2;1;2;;;6;1;3;2;2;;;;;;6
505554;237;3;1;3;67.6643849507507;"6";1;7;4;3;1;2;2;6;2;;2;1;1;1;5;2;2;
505723;237;1;1;1;884.603206964826;"11";1;3;2;7;2;;;6;1;4;2;2;;;;;;2
505724;237;2;1;2;519.919172461981;"12";1;9;1;5;2;;;6;1;4;2;2;;;;;;3
505857;237;2;1;2;412.417984384252;"11";1;7;4;1;2;;;6;1;1;2;2;;;;;;5
506329;237;1;1;1;334.115341984475;"2";1;2;3;8;2;;;2;1;3;1;1;1;2;2;2;1;
506333;237;1;1;1;418.337140123227;"6";1;2;4;1;1;2;2;6;1;1;2;2;;;;;;5
506446;237;1;1;1;118.498816835086;"12";1;2;1;7;1;2;1;6;1;4;2;2;;;;;;4
506570;237;1;1;1;387.681460620576;"12";1;2;4;2;2;;;6;1;3;2;2;;;;;;6
506761;237;1;1;1;62.4834774720727;"11";1;2;3;8;1;2;1;2;1;1;1;1;3;3;3;2;5;
506800;237;1;1;1;64.1592126843544;"9";1;7;3;1;2;;;6;2;;2;1;1;2;1;2;3;
506870;237;1;1;1;66.1032051639122;"12";1;7;3;3;2;;;6;2;;2;1;3;1;2;1;;
506878;237;1;1;1;59.3520827172958;"11";1;7;4;1;2;;;6;2;;2;2;;;;;;6
506920;237;1;1;1;74.1657537923191;"12";1;1;4;3;1;2;2;6;2;;2;2;;;;;;7
507012;237;2;1;2;86.7127459853367;"1";1;2;4;2;2;;;2;1;1;1;1;1;1;4;1;;
507054;237;1;1;1;96.8068345241468;"8";2;6;4;3;2;;;6;2;;2;2;;;;;;6
507188;237;2;1;2;268.854667453123;"12";1;3;4;2;2;;;6;2;;2;2;;;;;;3
507222;237;3;1;3;458.158239835652;"12";1;7;3;1;2;;;6;2;;2;2;;;;;;6
507239;237;1;1;1;705.936691853931;"12";1;2;2;1;2;;;2;1;3;2;1;2;2;2;1;;
507320;237;1;1;1;41.088817615471;"12";1;1;4;3;2;;;3;2;;2;2;;;;;;1
507454;237;1;1;1;64.6521628557218;"9";1;7;4;3;1;1;2;2;1;3;2;1;3;3;2;1;;
507454;237;3;1;3;64.6521628557218;"9";1;7;4;2;1;1;2;2;1;3;2;1;3;3;2;1;;
507582;237;1;1;1;61.5228395238916;"11";1;1;4;1;2;;;3;2;;2;2;;;;;;8
507592;237;1;1;1;63.8858762654755;"4";1;7;3;1;2;;;6;2;;2;2;;;;;;1
507675;237;1;1;1;580.532092742294;"8";1;5;1;2;2;;;2;2;;1;1;1;2;1;1;;
507697;237;1;1;1;312.486881192109;"1";1;4;3;1;2;;;6;1;1;2;2;;;;;;6
507749;237;8;2;2;267.130921100422;"12";1;2;4;7;2;;;6;1;1;2;2;;;;;;6
508079;237;4;1;4;1211.30321329926;"11";2;1;3;2;2;;;6;1;2;2;2;;;;;;8
508276;237;1;1;1;182.037003785239;"11";1;4;2;2;2;;;6;1;1;2;2;;;;;;6
508365;237;1;1;1;1602.83759523229;"3";1;2;3;1;2;;;6;1;3;2;1;1;1;4;2;1;
508465;237;1;1;1;399.411580061785;"10";1;5;2;1;1;2;2;6;1;4;2;2;;;;;;3
508492;237;1;1;1;971.893378795103;"12";1;2;3;4;2;;;6;1;3;2;2;;;;;;3
508547;237;3;1;3;975.371359616684;"6";1;7;2;3;1;2;2;6;2;;1;1;1;1;4;2;1;
508609;237;2;1;2;1819.60241954428;"1";1;2;4;2;1;2;2;6;1;1;2;2;;;;;;6
508656;237;1;1;1;358.610385589812;"12";2;4;4;6;2;;;1;1;1;2;2;;;;;;5
508679;237;1;1;1;573.529143555966;"2";1;6;4;1;2;;;6;2;;2;2;;;;;;6
508690;237;3;1;3;69.3586238252604;"11";1;9;1;2;2;;;6;2;;2;2;;;;;;11
508758;237;2;1;2;67.8536980367051;"12";1;6;4;2;2;;;6;1;4;2;2;;;;;;6
508796;237;2;1;2;67.0598534904618;"7";1;7;4;8;2;;;6;1;2;2;2;;;;;;3
508802;237;1;1;1;75.3531560675382;"12";1;7;1;2;2;;;6;1;4;2;2;;;;;;3
508812;237;2;1;2;658.619738948366;"11";1;7;4;2;2;;;6;1;4;2;2;;;;;;3
508816;237;1;1;1;617.006567029324;"1";1;7;3;1;2;;;6;1;4;2;2;;;;;;3
508841;237;2;1;2;658.619738948366;"3";2;7;2;2;2;;;6;1;3;2;2;;;;;;6
508890;237;2;1;2;89.5978661516884;"12";1;1;3;3;2;;;6;2;;1;2;;;;;;3
508949;237;3;1;3;86.5620033278553;"6";1;9;1;6;1;2;2;6;2;;2;2;;;;;;6
509243;237;2;1;2;349.267549824862;"3";1;7;4;2;1;2;2;6;2;;1;1;2;1;4;2;2;
509267;237;2;1;2;292.651238504052;"9";2;1;2;1;2;;;6;1;4;2;2;;;;;;8
509268;237;1;1;1;224.302079223807;"11";1;7;3;1;2;;;6;2;;2;2;;;;;;6
509269;237;1;1;1;257.182453860357;"12";1;7;1;1;2;;;6;1;4;2;2;;;;;;3
509390;237;2;1;2;36.944717863508;"12";1;4;3;3;1;2;1;3;1;2;2;1;1;3;2;2;4;
509399;237;3;1;3;35.8049856965308;"7";1;7;1;2;2;;;6;2;;2;2;;;;;;6
509457;237;3;1;3;43.0313951159272;"8";1;7;3;1;2;;;6;1;2;2;2;;;;;;6
509531;237;2;1;2;64.1544330198387;"1";1;5;4;6;2;;;6;1;4;2;2;;;;;;6
509534;237;3;1;3;64.9268478563144;"10";2;7;3;4;1;1;2;1;1;2;2;2;;;;;;2
509572;237;1;1;1;66.799822264439;"6";1;2;2;7;2;;;6;1;3;2;2;;;;;;4
509599;237;10;3;3;74.3801612996684;"12";1;7;4;1;2;;;2;1;2;2;2;;;;;;6
509620;237;2;1;2;68.0648770569775;"11";2;7;1;1;2;;;6;2;;2;2;;;;;;6
509624;237;4;1;4;80.8557256911359;"12";1;7;4;2;2;;;6;1;4;2;2;;;;;;3
509852;237;2;1;2;416.948556810446;"4";1;6;3;1;2;;;6;2;;2;2;;;;;;6
509977;237;4;1;4;330.107746227903;"6";1;7;3;2;2;;;6;1;3;2;2;;;;;;6
510248;237;3;1;3;127.585738589159;"11";1;7;3;5;2;;;6;1;4;2;2;;;;;;2
510345;237;2;1;2;133.819230575693;"12";1;2;2;6;1;1;2;6;1;4;2;2;;;;;;3
510629;237;1;1;1;777.798793972469;"12";1;2;4;1;2;;;6;1;3;2;2;;;;;;3
510731;237;1;1;1;945.233320338021;"11";2;9;1;2;1;2;1;6;1;4;2;1;3;3;6;2;5;
510828;237;3;1;3;60.7871430682539;"12";1;2;3;6;2;;;6;1;4;2;2;;;;;;6
510851;237;1;1;1;63.5311728283349;"2";1;2;3;2;2;;;6;1;4;2;2;;;;;;11
510851;237;2;1;2;63.5311728283349;"1";1;2;3;1;1;2;1;2;1;5;1;1;3;3;3;2;3;
510891;237;3;1;3;63.9284587356849;"12";1;3;3;1;2;;;6;2;;2;2;;;;;;6
510897;237;1;1;1;56.6584832478147;"12";1;9;4;1;2;;;6;2;;2;2;;;;;;4
510966;237;1;1;1;96.3702895419586;"11";1;3;4;1;2;;;6;1;3;2;2;;;;;;6
510977;237;1;1;1;86.7127459853367;"10";1;7;4;1;2;;;6;1;4;2;2;;;;;;5
511021;237;3;1;3;289.322959529251;"5";1;1;3;1;2;;;6;1;2;2;2;;;;;;8
511021;237;2;1;2;289.322959529251;"7";1;6;4;1;1;1;2;2;1;2;2;1;1;1;4;2;1;
511071;237;1;1;1;71.9997342870076;"12";1;3;4;2;1;2;1;2;1;3;1;1;3;3;3;1;;
511139;237;1;1;1;349.812656880533;"12";1;2;4;1;2;;;2;1;3;1;1;1;1;4;1;;
511143;237;3;1;3;283.136993638153;"7";1;6;3;2;2;;;6;1;4;2;2;;;;;;6
511248;237;4;1;4;40.2650214355527;"12";1;9;1;6;1;2;2;6;1;2;2;2;;;;;;6
511248;237;5;1;5;40.2650214355527;"12";1;2;4;1;2;;;6;1;1;2;2;;;;;;5
511251;237;1;1;1;78.5556816331945;"12";1;7;2;3;1;2;2;6;2;;2;2;;;;;;3
511265;237;5;1;5;47.4914308549491;"5";1;6;3;1;1;1;2;6;2;;1;2;;;;;;6
511277;237;1;1;1;43.0374001255697;"12";1;7;3;1;2;;;6;1;3;2;2;;;;;;2
511285;237;1;1;1;41.8493963665184;"10";1;7;4;6;1;1;2;6;1;4;2;2;;;;;;4
511290;237;1;1;1;45.9222640810418;"8";1;7;2;1;2;;;6;2;;2;2;;;;;;6
511293;237;1;1;1;41.8493963665184;"7";1;7;3;1;2;;;6;2;;2;2;;;;;;3
511294;237;1;1;1;42.5558778062104;"1";1;2;3;1;2;;;2;1;3;2;1;1;1;4;1;;
511604;237;2;1;2;698.923664467798;"5";1;8;2;3;2;;;6;1;4;2;2;;;;;;3
511671;237;2;1;2;54.5803982385381;"11";1;1;3;1;2;;;6;1;4;2;2;;;;;;6
511733;237;2;1;2;70.4638587653343;"11";1;7;1;6;1;2;2;6;1;4;2;2;;;;;;2
512180;237;1;1;1;199.460925939168;"5";1;6;4;6;2;;;6;1;2;2;2;;;;;;6
512268;237;1;1;1;133.717108515593;"3";1;2;4;1;2;;;6;2;;2;1;1;1;4;2;2;
512318;237;3;1;3;128.581533563456;"6";1;7;4;2;1;1;2;6;1;4;2;1;1;1;2;2;2;
512479;237;1;1;1;1407.90214035842;"11";1;2;2;1;2;;;2;1;3;2;1;2;2;3;1;;
512485;237;2;1;2;544.981899948035;"9";1;2;3;1;1;1;1;2;1;3;1;1;3;3;2;1;;
512523;237;1;1;1;9.48286518973212;"10";1;2;3;5;1;2;2;1;1;4;2;2;;;;;;2
512740;237;2;1;2;1013.31624567603;"11";2;6;3;1;2;;;6;1;2;2;2;;;;;;6
512744;237;2;1;2;983.008273634651;"5";1;6;2;1;1;2;2;6;2;;2;2;;;;;;6
512744;237;4;1;4;983.008273634651;"5";1;6;2;1;1;2;2;6;2;;2;2;;;;;;6
512798;237;1;1;1;917.85433950167;"11";1;7;1;3;1;1;2;7;2;;2;2;;;;;;9
512834;237;1;1;1;979.451147926706;"12";1;7;4;2;1;1;1;2;2;;1;1;1;1;1;2;1;
512893;237;4;1;4;1564.75936990552;"4";1;1;2;1;1;2;2;2;1;4;1;1;1;1;2;1;;
512986;237;1;1;1;68.247255765681;"1";1;7;1;2;1;2;2;6;2;;2;2;;;;;;6
512989;237;2;1;2;76.3098043940879;"10";1;6;4;8;1;2;2;6;2;;2;2;;;;;;2
513012;237;3;1;3;58.8431505886961;"10";1;9;1;2;2;;;6;1;4;2;2;;;;;;3
513020;237;1;1;1;73.5749682782042;"2";1;4;2;1;2;;;2;1;4;2;1;3;3;3;1;;
513029;237;2;1;2;69.643536242904;"12";1;7;4;3;1;1;2;6;2;;2;2;;;;;;7
513041;237;3;1;3;62.9311936700227;"10";1;9;1;1;2;;;6;2;;2;2;;;;;;1
513049;237;3;1;3;84.7726398397621;"9";1;7;3;1;1;2;2;6;1;4;2;2;;;;;;2
513276;237;1;1;1;1054.21233444343;"11";1;2;3;1;2;;;2;1;5;1;1;1;3;2;1;;
513289;237;1;1;1;63.0516985683923;"6";1;2;3;8;2;;;2;1;3;1;1;3;3;3;1;;
513493;237;1;1;1;186.004330222286;"12";1;2;1;1;1;1;1;2;1;3;1;1;1;3;4;2;3;
513493;237;2;1;2;186.004330222286;"12";1;2;1;2;2;;;2;1;3;1;1;1;3;3;2;3;
513497;237;2;1;2;248.773699446682;"12";1;7;4;1;2;;;6;1;4;2;2;;;;;;4
513531;237;3;1;3;378.850783438944;"12";1;7;4;2;2;;;6;1;4;2;2;;;;;;3
513539;237;2;1;2;218.101022732918;"3";1;7;4;1;1;2;1;5;1;4;2;1;3;3;4;2;3;
513650;237;1;1;1;39.2778408165973;"10";1;2;4;1;1;2;2;1;2;;2;2;;;;;;6
513656;237;1;1;1;42.4769755330917;"8";1;7;4;1;1;1;1;2;1;3;1;1;3;3;3;1;;
513661;237;4;1;4;43.7378765556192;"4";1;1;2;1;2;;;6;1;2;2;2;;;;;;6
513728;237;2;1;2;686.928471856009;"12";1;8;3;1;1;1;2;2;2;;2;1;1;2;2;2;1;
513740;237;1;1;1;1002.72587796365;"7";1;9;4;1;2;;;6;1;2;2;2;;;;;;3
513760;237;2;1;2;498.663115371243;"9";1;6;2;6;2;;;6;1;1;2;2;;;;;;6
513783;237;1;1;1;368.353949278013;"12";2;7;4;6;2;;;6;1;4;2;2;;;;;;6
513783;237;2;1;2;368.353949278013;"2";2;1;3;1;2;;;6;1;2;2;2;;;;;;6
513833;237;5;1;5;1401.78312679711;"9";1;2;1;6;2;;;2;1;5;1;1;1;1;3;1;;
513848;237;1;1;1;1565.95096561142;"12";1;2;2;1;2;;;2;1;4;1;1;1;1;3;1;;
513878;237;2;1;2;60.8888094782083;"12";1;4;1;6;2;;;6;1;1;1;2;;;;;;5
513913;237;4;2;1;86.9219312676837;"6";1;7;2;1;1;2;2;6;1;4;2;2;;;;;;3
513916;237;1;1;1;58.1736925771925;"11";1;7;4;1;2;;;6;1;4;2;2;;;;;;6
513928;237;2;1;2;61.3585451913161;"6";1;7;1;2;2;;;6;2;;2;2;;;;;;6
513981;237;3;1;3;60.8888094782083;"12";1;7;3;1;2;;;6;1;4;2;2;;;;;;6
513987;237;9;1;9;52.681140402191;"7";1;7;3;7;2;;;6;2;;2;2;;;;;;1
514194;237;7;1;7;45.2762160027316;"3";1;1;2;1;2;;;6;1;4;2;2;;;;;;3
514315;237;1;1;1;61.5228395238916;"10";1;2;2;2;2;;;6;2;;2;2;;;;;;3
514501;237;1;1;1;318.741447316608;"7";1;5;3;1;2;;;2;2;;1;2;;;;;;1
514591;237;1;1;1;34.6936926193177;"7";1;2;3;6;1;2;2;2;1;1;2;1;3;3;3;1;;
514638;237;5;1;5;853.578226901297;"12";2;9;4;1;1;1;2;1;1;4;2;2;;;;;;7
514681;237;15;1;15;1471.96608200377;"9";1;6;3;1;1;2;2;6;1;4;2;2;;;;;;6
514752;237;2;1;2;84.8778720316235;"7";1;4;4;3;1;2;2;6;1;4;2;2;;;;;;6
514875;237;3;1;3;113.658685356041;"3";1;2;2;1;2;;;6;1;3;2;2;;;;;;6
514946;237;1;1;1;566.869974481223;"3";1;2;3;1;2;;;2;1;2;1;1;3;3;2;1;;
515035;237;3;1;3;1026.94998011207;"6";1;3;4;1;2;;;6;1;4;2;2;;;;;;6
515199;237;1;1;1;75.7534428848056;"12";1;1;1;8;2;;;2;2;;2;2;;;;;;6
515208;237;1;1;1;74.6944203850602;"9";1;9;4;1;2;;;6;1;1;2;2;;;;;;6
515246;237;3;1;3;75.9162466651119;"12";1;1;4;1;1;1;1;2;1;4;1;1;3;3;3;1;;
515278;237;1;1;1;58.8179202280608;"11";1;7;4;3;2;;;6;2;;2;2;;;;;;6
515407;237;1;1;1;265.914168720476;"7";1;8;4;3;1;1;2;2;2;;2;2;;;;;;3
515554;237;1;1;1;285.236058606968;"12";1;7;4;1;2;;;6;1;4;2;2;;;;;;6
515558;237;5;2;1;274.317020522026;"10";1;3;4;3;2;;;6;1;4;2;2;;;;;;6
515559;237;7;1;7;346.243022144213;"2";1;2;4;1;2;;;1;1;5;2;2;;;;;;1
515564;237;1;1;1;276.065345813144;"11";1;2;4;1;2;;;3;1;3;1;2;;;;;;6
515685;237;2;1;2;39.5162734134292;"11";1;7;4;6;2;;;6;2;;2;2;;;;;;4
515699;237;2;1;2;41.226423326696;"2";1;4;3;1;1;2;1;2;1;4;1;1;1;3;3;1;;
515722;237;3;1;3;43.1368281282849;"12";1;9;3;1;2;;;6;2;;2;2;;;;;;6
515916;237;2;1;2;69.9749872646682;"8";1;7;4;2;1;2;1;2;2;;2;1;3;3;2;1;;
516003;237;2;1;2;65.8701083518304;"9";1;4;3;1;2;;;1;2;;2;2;;;;;;6
516079;237;1;1;1;67.5253434261532;"12";1;1;2;4;1;2;2;1;1;3;2;2;;;;;;4
516145;237;3;1;3;299.441380700991;"12";1;7;2;1;2;;;4;1;4;2;2;;;;;;3
516161;237;3;1;3;335.90520950245;"2";1;1;4;1;2;;;6;2;;2;2;;;;;;6
516304;237;1;1;1;29.1077885439834;"7";1;7;4;2;2;;;3;2;;2;2;;;;;;8
516934;237;2;1;2;618.688703280171;"5";1;2;2;1;2;;;6;1;5;2;2;;;;;;4
516957;237;2;1;2;329.609282297655;"3";1;7;3;1;2;;;6;2;;2;2;;;;;;6
516999;237;1;1;1;765.129361423212;"9";1;8;2;1;1;2;2;4;2;;2;2;;;;;;3
517037;237;4;1;4;1168.98048963413;"8";1;1;3;2;2;;;6;1;2;2;2;;;;;;6
517220;237;1;1;1;81.2488805062086;"10";1;9;1;2;1;2;2;6;2;;2;2;;;;;;7
517220;237;2;1;2;81.2488805062086;"10";1;9;1;2;2;;;6;2;;2;2;;;;;;8
517222;237;2;1;2;68.2589061825459;"11";1;7;2;3;2;;;6;2;;2;2;;;;;;6
517273;237;2;1;2;72.7811237319609;"7";1;7;3;1;1;2;2;6;1;1;2;2;;;;;;5
517298;237;1;1;1;2359.24497123113;"11";1;8;3;1;1;2;2;6;2;;1;2;;;;;;2
517468;237;1;1;1;122.927477575109;"10";2;7;3;2;1;2;2;6;2;;2;2;;;;;;6
517635;237;2;1;2;268.179618281176;"10";1;1;3;2;2;;;6;1;4;2;2;;;;;;6
517667;237;3;1;3;249.160087924266;"12";1;9;1;2;2;;;6;2;;2;2;;;;;;6
517714;237;2;1;2;224.302079223807;"12";1;7;1;2;2;;;6;2;;2;2;;;;;;6
517757;237;1;1;1;44.9944337716574;"12";1;7;4;2;2;;;6;1;4;2;2;;;;;;3
517800;237;1;1;1;44.9799776260259;"1";1;7;2;1;2;;;6;2;;2;2;;;;;;6
517855;237;2;1;2;1742.79434420748;"12";1;9;1;6;2;;;6;1;4;2;2;;;;;;6
517856;237;4;1;4;1297.31577732918;"3";1;2;3;6;1;1;2;6;1;5;2;1;2;2;4;2;1;
517859;237;2;1;2;1599.79277160625;"12";1;2;3;1;2;;;1;1;1;2;1;1;1;4;1;;
517941;237;2;1;2;629.780758241428;"11";1;6;4;2;1;1;2;6;2;;2;2;;;;;;3
517950;237;3;1;3;722.736048249833;"2";1;7;4;1;1;2;2;6;1;1;2;2;;;;;;5
517952;237;1;1;1;595.636033139001;"7";1;7;4;1;2;;;6;2;;2;2;;;;;;4
518004;237;2;1;2;67.1210972789062;"3";1;2;2;8;1;1;1;2;2;;2;1;1;3;4;1;;
518010;237;3;1;3;65.1680988817992;"9";1;7;4;4;1;1;2;6;1;3;2;2;;;;;;6
518019;237;1;1;1;70.1352495287694;"12";1;2;4;1;2;;;2;1;3;2;1;3;3;3;1;;
518108;237;3;1;3;58.98565189966;"8";1;2;2;7;1;1;2;1;1;1;1;2;;;;;;5
518267;237;1;1;1;65.8406339876964;"12";1;2;4;5;1;2;2;1;1;5;2;2;;;;;;2
518283;237;4;1;4;59.4379960211938;"6";1;1;4;2;1;2;2;6;1;4;2;2;;;;;;6
518345;237;1;1;1;70.4638587653343;"12";1;2;4;1;2;;;6;1;1;2;2;;;;;;6
518349;237;1;1;1;65.1154396325777;"7";1;2;4;1;1;1;1;2;1;5;1;1;3;1;5;1;;
518394;237;3;1;3;63.7211647352969;"12";2;2;3;1;1;2;1;1;1;5;1;1;3;1;3;1;;
518405;237;2;1;2;65.0196162855457;"12";1;7;4;6;2;;;6;1;4;2;2;;;;;;4
518479;237;1;1;1;315.561857988153;"1";1;2;3;6;2;;;6;1;5;1;2;;;;;;8
518479;237;2;1;2;315.561857988153;"1";1;2;3;6;1;2;2;6;1;1;2;2;;;;;;6
518629;237;1;1;1;286.311391109657;"10";1;2;3;1;2;;;2;1;3;1;1;2;2;4;2;3;
518701;237;4;1;4;716.39941525278;"8";1;1;4;1;2;;;6;1;2;2;2;;;;;;6
519438;237;4;1;4;279.03500211608;"11";1;4;4;1;2;;;1;1;5;2;2;;;;;;3
519551;237;6;1;6;52.1262141808285;"12";1;7;4;3;1;1;2;6;2;;2;2;;;;;;1
519553;237;6;1;6;44.6521599110985;"9";1;7;4;1;1;1;2;6;1;4;2;2;;;;;;4
519679;237;2;1;2;915.340189801099;"4";1;2;4;1;1;1;2;6;1;5;2;2;;;;;;1
519815;237;1;1;1;66.799822264439;"1";2;9;1;1;2;;;6;2;;2;2;;;;;;1
519908;237;1;1;1;62.6767071771746;"4";1;4;3;1;2;;;2;1;4;2;2;;;;;;6
520143;237;3;1;3;355.864303539158;"8";1;2;3;1;2;;;1;1;1;2;2;;;;;;5
520145;237;1;1;1;323.56417411261;"6";1;7;3;3;2;;;6;2;;2;2;;;;;;3
520205;237;1;1;1;328.140006639441;"10";1;7;4;8;2;;;6;2;;2;2;;;;;;6
520227;237;3;1;3;338.405733357896;"4";1;7;4;1;2;;;3;1;2;2;2;;;;;;6
520239;237;3;1;3;282.976281611801;"11";1;7;4;6;2;;;6;2;;2;2;;;;;;6
520536;237;1;1;1;120.873470611157;"3";1;2;4;1;2;;;2;1;3;2;1;3;3;2;1;;
520975;237;1;1;1;2137.54908457742;"1";1;7;1;1;1;2;1;6;1;4;2;1;3;3;3;2;2;
520976;237;4;1;4;2649.09511583198;"12";2;7;2;4;2;;;6;1;4;2;2;;;;;;6
520992;237;1;1;1;2310.4527491097;"11";1;9;4;6;2;;;6;1;2;2;2;;;;;;3
521031;237;4;1;4;4025.84088895131;"12";1;6;4;1;2;;;6;1;4;2;2;;;;;;8
521121;237;1;1;1;1747.04483860161;"9";1;6;2;1;2;;;6;2;;2;2;;;;;;6
521128;237;3;1;3;1116.40928578509;"6";1;10;3;5;2;;;7;1;4;2;2;;;;;;6
521133;237;1;1;1;2055.09107588286;"10";1;9;4;2;2;;;6;2;;2;2;;;;;;1
521221;237;5;1;5;1252.30286338244;"12";2;2;4;1;2;;;6;1;2;2;2;;;;;;3
521228;237;2;1;2;1171.30124060938;"8";1;7;3;6;2;;;6;1;2;2;2;;;;;;7
521247;237;2;1;2;4383.35241446605;"8";1;2;2;1;1;2;2;2;1;5;2;2;;;;;;5
521259;237;1;1;1;5413.80890466234;"12";2;7;4;3;1;2;2;3;2;;2;2;;;;;;7
521293;237;1;1;1;70.6063773037336;"3";1;4;4;1;2;;;6;1;4;1;1;1;1;3;1;;
521293;237;2;1;2;70.6063773037336;"3";1;2;3;1;1;2;1;2;1;1;2;1;3;3;1;1;;
521296;237;1;1;1;61.264029560832;"6";1;7;1;2;2;;;6;2;;2;2;;;;;;3
521304;237;1;1;1;75.9162466651119;"1";1;7;3;1;1;2;1;1;1;3;1;1;3;3;3;1;;
521304;237;2;1;2;75.9162466651119;"1";1;2;2;1;2;;;1;1;3;1;1;3;3;3;1;;
521309;237;2;1;2;71.5026744270292;"6";1;9;3;6;2;;;6;2;;2;2;;;;;;6
521372;237;3;1;3;58.4495928597202;"12";1;6;3;5;2;;;1;1;4;2;2;;;;;;3
521372;237;4;1;4;58.4495928597202;"6";1;7;3;1;2;;;6;1;1;2;2;;;;;;6
521385;237;1;1;1;65.5124196497973;"4";1;9;4;2;1;2;2;6;2;;2;2;;;;;;6
521428;237;5;1;5;55.4285729204864;"11";1;2;2;2;2;;;1;1;1;2;2;;;;;;5
521428;237;6;1;6;55.4285729204864;"11";1;2;2;2;2;;;1;1;1;2;2;;;;;;5
521612;237;3;1;3;4850.06795023865;"8";1;6;4;1;2;;;2;1;2;2;1;3;3;3;1;;
521753;237;4;1;4;283.069151665862;"2";1;7;2;2;1;2;2;6;1;4;2;2;;;;;;3
521804;237;4;1;4;274.630424845526;"10";1;2;2;1;2;;;6;1;1;2;2;;;;;;6
522022;237;3;1;3;46.1573702486838;"9";1;2;3;1;2;;;6;2;;2;2;;;;;;3
522029;237;1;1;1;38.3765412464519;"6";1;9;4;2;2;;;6;2;;2;2;;;;;;6
522030;237;1;1;1;41.8493963665184;"8";1;7;4;1;2;;;6;2;;2;2;;;;;;11
522056;237;1;1;1;44.4443579953112;"5";1;7;1;2;2;;;6;2;;2;2;;;;;;6
522124;237;1;1;1;350.525355849082;"5";1;2;2;6;1;2;2;6;1;5;2;2;;;;;;2
522189;237;3;1;3;60.3606842799378;"2";1;7;3;1;1;2;2;6;1;4;2;2;;;;;;6
522190;237;1;1;1;56.8047158327882;"7";1;2;2;1;2;;;2;1;3;2;1;2;2;3;1;;
522228;237;2;1;2;69.7404613066418;"11";1;7;4;1;2;;;1;1;1;2;2;;;;;;3
522266;237;6;1;6;89.2577530379054;"3";1;1;4;8;1;1;2;6;2;;2;1;1;2;1;1;;
522272;237;1;1;1;80.5108719003228;"8";1;3;3;7;1;2;1;2;1;3;2;1;3;3;2;1;;
522313;237;1;1;1;68.5183577674461;"1";1;5;2;1;2;;;6;1;4;2;2;;;;;;6
522324;237;4;1;4;79.3499995136214;"3";1;7;3;1;2;;;6;1;4;2;2;;;;;;6
522425;237;1;1;1;74.5829624705852;"9";1;2;2;7;2;;;5;1;1;2;2;;;;;;2
522450;237;2;1;2;62.2775082431443;"12";1;4;4;6;2;;;6;1;2;2;2;;;;;;6
522486;237;1;1;1;325.884896934911;"8";1;7;2;1;2;;;6;2;;2;2;;;;;;6
522527;237;4;1;4;320.797436957539;"6";1;7;4;1;2;;;6;1;3;1;2;;;;;;6
522677;237;1;1;1;47.668264733204;"9";1;7;4;1;1;1;2;6;1;2;2;2;;;;;;6
522731;237;4;1;4;35.6684377331126;"4";1;3;3;1;2;;;6;1;3;2;2;;;;;;6
522981;237;2;1;2;78.9060786303348;"6";1;2;2;2;1;1;2;6;1;3;2;1;1;3;4;1;;
523165;237;3;1;3;1145.49588697607;"4";1;7;4;3;1;1;2;6;2;;1;2;;;;;;3
523253;237;2;1;2;1020.38523801795;"11";1;1;1;1;2;;;6;1;4;2;2;;;;;;5
523346;237;2;1;2;63.4401257986223;"10";1;1;2;1;1;2;2;6;1;2;2;2;;;;;;6
523351;237;1;1;1;69.9297984701107;"6";1;1;3;2;2;;;6;2;;2;2;;;;;;1
523367;237;3;1;3;74.5316166047538;"12";1;9;1;2;1;2;2;6;2;;2;2;;;;;;7
523465;237;1;1;1;75.7534428848056;"10";1;2;3;2;2;;;3;1;3;2;2;;;;;;1
523515;237;1;1;1;86.7127459853367;"12";1;4;3;8;2;;;7;1;3;2;2;;;;;;11
523713;237;4;1;4;268.252602435261;"2";1;1;2;5;2;;;6;1;2;2;2;;;;;;8
523729;237;3;1;3;218.487411210503;"10";1;1;4;1;2;;;2;1;4;1;1;2;2;1;1;;
523792;237;2;1;2;235.280176408714;"9";1;6;4;8;2;;;6;2;;1;1;2;1;3;2;5;
523841;237;1;1;1;45.6864590657179;"11";1;2;4;2;2;;;1;1;4;2;1;3;3;3;1;;
523841;237;4;1;4;45.6864590657179;"11";1;4;1;1;1;2;1;1;1;4;2;1;3;3;3;1;;
523859;237;1;1;1;41.8493963665184;"12";1;7;1;2;2;;;6;1;4;2;2;;;;;;6
523981;237;1;1;1;941.083625304743;"6";1;2;4;1;1;2;2;6;1;1;2;2;;;;;;5
523984;237;2;1;2;836.149886985092;"11";1;7;3;2;2;;;6;1;3;2;2;;;;;;6
524048;237;1;1;1;61.2599253112343;"12";1;7;2;2;2;;;6;2;;2;2;;;;;;3
524200;237;2;1;2;67.3974393409893;"12";1;2;2;1;2;;;2;1;3;2;1;3;3;3;2;3;
524204;237;1;1;1;66.9266092131152;"6";1;6;3;1;1;1;1;2;1;3;1;1;3;3;3;1;;
524237;237;1;1;1;68.0068760418858;"11";1;9;4;2;1;1;2;6;1;4;2;2;;;;;;2
524410;237;7;1;7;59.504208696181;"12";1;2;4;1;2;;;6;1;1;2;2;;;;;;5
524427;237;1;1;1;318.827859583089;"6";1;2;3;1;1;1;2;1;1;2;1;1;2;2;3;1;;
524458;237;2;1;2;326.861088597566;"1";1;1;3;1;1;1;2;6;1;2;2;2;;;;;;4
525063;237;9;2;1;117.347529797807;"10";1;2;4;1;1;1;1;2;1;4;2;1;3;3;2;2;3;
525156;237;1;1;1;107.129487042362;"11";1;7;3;2;2;;;6;1;3;2;2;;;;;;6
525156;237;3;1;3;107.129487042362;"11";1;7;4;1;2;;;6;1;3;2;2;;;;;;6
525423;237;3;1;3;4203.78450421731;"8";1;2;4;2;1;1;2;6;1;1;2;2;;;;;;6
525423;237;4;1;4;4203.78450421731;"4";1;2;4;2;2;;;2;1;4;1;1;1;1;3;2;1;
525488;237;3;1;3;63.9284587356849;"8";1;7;4;2;2;;;2;2;;1;1;3;3;2;1;;
525512;237;4;1;4;70.8309385181232;"9";2;4;1;2;1;1;1;1;1;1;2;1;1;3;2;2;1;
525518;237;1;1;1;75.9162466651119;"6";1;1;4;1;1;2;1;2;1;4;2;1;3;3;3;1;;
525518;237;2;1;2;75.9162466651119;"6";1;1;4;2;1;2;2;4;1;4;2;2;;;;;;4
525530;237;2;1;2;68.6868879163544;"11";1;2;3;1;2;;;6;1;1;2;2;;;;;;6
525611;237;2;1;2;302.764629227202;"6";1;7;2;1;2;;;1;1;3;1;1;1;1;4;1;;
525750;237;1;1;1;94.4415356657976;"6";1;1;3;1;1;1;2;6;1;1;1;1;3;3;3;2;1;
525877;237;4;2;1;50.9699973575117;"10";1;2;4;1;1;2;2;6;1;5;2;2;;;;;;5
525903;237;2;1;2;298.040607418871;"9";1;2;1;6;2;;;6;1;1;1;1;3;3;4;1;;
525921;237;2;1;2;248.773699446682;"12";1;7;2;2;1;2;2;6;1;3;2;2;;;;;;5
525922;237;1;1;1;224.688467701391;"8";1;7;4;1;2;;;6;1;4;2;2;;;;;;4
525928;237;2;1;2;276.950017543297;"12";1;7;1;2;2;;;6;1;4;2;2;;;;;;8
525930;237;6;1;6;635.431928739802;"7";1;9;4;1;2;;;6;2;;2;2;;;;;;6
525945;237;1;1;1;282.252321907999;"3";1;7;3;2;2;;;6;1;4;1;1;1;1;2;2;1;
526028;237;2;1;2;226.509777146593;"5";1;2;4;1;1;2;2;6;1;1;2;2;;;;;;5
526122;237;7;1;7;44.3919864614315;"1";1;2;1;5;2;;;2;1;4;1;1;1;1;4;2;5;
526129;237;5;1;5;47.7991780262807;"2";1;1;2;1;2;;;6;1;4;2;2;;;;;;6
526129;237;6;1;6;47.7991780262807;"12";1;2;2;1;2;;;6;1;5;2;2;;;;;;5
526218;237;4;1;4;65.6278530808513;"10";1;9;4;6;2;;;6;2;;2;2;;;;;;3
526255;237;2;1;2;57.5122318386473;"10";1;6;4;1;2;;;3;1;4;2;1;2;3;1;1;;
526260;237;1;1;1;63.7135895303972;"12";1;3;4;1;2;;;6;2;;2;2;;;;;;6
526266;237;5;1;5;79.1962948074149;"10";1;7;3;5;1;1;1;2;1;4;1;1;3;3;2;2;3;
526308;237;2;1;2;67.590832992014;"2";1;7;1;2;1;2;2;6;1;2;2;2;;;;;;5
526471;237;3;1;3;54.0536467023765;"6";1;1;2;1;2;;;6;1;2;2;2;;;;;;6
526487;237;1;1;1;65.1484170418024;"7";1;2;3;2;2;;;2;1;3;1;1;1;1;4;2;2;
526619;237;1;1;1;320.822836585806;"12";1;7;3;1;2;;;6;2;;2;2;;;;;;6
526635;237;4;1;4;337.174169559487;"2";1;1;9;1;2;;;2;1;5;2;1;4;4;3;2;4;
526734;237;1;1;1;311.753316052655;"8";1;3;4;6;2;;;7;1;4;2;2;;;;;;6
527266;237;2;1;2;1149.73987809495;"7";1;7;9;1;2;;;6;2;;2;2;;;;;;2
527335;237;3;1;3;60.3087310438454;"11";1;3;4;1;2;;;6;1;2;2;2;;;;;;8
527518;237;1;1;1;89.5978661516884;"9";1;3;1;1;2;;;6;2;;2;2;;;;;;9
527659;237;2;1;2;330.93490710954;"12";1;9;1;2;1;2;2;6;2;;2;2;;;;;;4
527663;237;1;1;1;222.553753932689;"5";1;7;4;1;1;2;2;2;2;;2;1;1;2;1;1;;
527767;237;1;1;1;47.7786522966842;"6";1;7;3;1;2;;;2;1;3;1;1;3;3;4;2;4;
527805;237;3;1;3;41.7516335898398;"11";1;2;3;2;2;;;6;2;;2;2;;;;;;6
527826;237;1;1;1;41.5025163792085;"10";1;7;3;1;2;;;6;1;4;2;1;1;1;2;2;3;
527826;237;2;1;2;41.5025163792085;"10";1;7;3;1;2;;;6;1;4;2;1;1;1;2;2;3;
527917;237;2;1;2;332.391014083555;"3";1;7;2;3;1;1;2;3;2;;2;1;1;1;2;2;5;
527938;237;1;1;1;406.549588609634;"8";1;6;4;2;2;;;2;2;;1;1;1;1;4;2;3;
528056;237;1;1;1;63.7445196393453;"7";1;2;3;6;2;;;1;1;5;2;2;;;;;;3
528154;237;3;1;3;63.7558733791038;"8";1;7;3;4;1;2;2;2;1;4;2;1;3;3;3;2;1;
528159;237;2;1;2;69.7298867134744;"3";1;3;4;2;1;2;1;5;1;3;1;1;3;3;4;2;1;
528234;237;2;1;2;60.2243879736429;"12";1;2;4;2;2;;;6;1;4;2;2;;;;;;4
528277;237;1;1;1;54.1731570099457;"11";2;1;3;2;1;2;2;2;1;4;1;1;1;1;5;1;;
528326;237;2;1;2;61.7507567069827;"12";1;2;4;1;2;;;4;1;3;2;2;;;;;;6
528464;237;3;1;3;282.976281611801;"10";1;2;4;1;2;;;6;2;;2;2;;;;;;11
528531;237;1;1;1;46.5561331727795;"6";1;7;4;1;2;;;2;1;3;2;1;3;3;4;1;;
528551;237;2;1;2;46.3881591838919;"11";1;4;4;1;1;2;1;1;1;1;2;1;3;3;3;2;3;
528833;237;1;1;1;81.9763935608329;"4";1;2;3;2;1;1;1;2;1;4;1;1;3;3;4;1;;
529071;237;1;1;1;1993.46663130451;"11";1;7;4;1;2;;;6;2;;2;2;;;;;;6
529110;237;1;1;1;1122.43952243974;"11";1;7;4;2;2;;;6;2;;2;2;;;;;;4
529151;237;1;1;1;1178.30624243713;"12";1;1;4;1;2;;;6;1;4;2;2;;;;;;6
529160;237;2;1;2;852.161128166013;"2";1;2;1;1;1;2;1;2;1;5;1;1;3;3;3;2;5;
529181;237;3;1;3;767.48068704326;"12";2;9;4;7;2;;;1;1;4;2;2;;;;;;6
529254;237;1;1;1;1643.45526856121;"12";1;4;4;2;2;;;6;1;5;2;2;;;;;;6
529388;237;1;1;1;88.407237449132;"12";1;7;3;3;2;;;3;2;;2;2;;;;;;6
529400;237;3;1;3;4172.84425503834;"12";1;6;1;2;2;;;6;1;4;2;2;;;;;;6
529462;237;1;1;1;81.0965240441265;"4";1;2;3;1;2;;;6;1;5;2;2;;;;;;7
529511;237;1;1;1;67.0902605417564;"12";1;2;1;2;2;;;6;1;3;2;2;;;;;;1
529633;237;1;1;1;254.97475593757;"8";1;9;1;2;1;1;2;6;2;;2;2;;;;;;3
529635;237;4;1;4;207.176842466183;"12";1;7;1;6;2;;;6;1;2;2;2;;;;;;6
529665;237;3;1;3;298.040607418871;"7";1;1;3;2;2;;;6;2;;2;2;;;;;;6
529697;237;3;1;3;295.209676104536;"10";1;4;4;2;1;1;1;6;1;1;2;2;;;;;;2
529737;237;2;1;2;231.286817840612;"1";1;7;4;1;1;1;1;6;1;3;2;1;3;3;3;2;4;
529742;237;2;1;2;276.065345813144;"1";1;7;4;1;1;1;1;5;1;3;1;1;3;3;3;1;;
529746;237;1;1;1;236.360681294157;"12";1;2;3;2;1;2;2;2;1;1;1;1;2;2;3;2;2;
529881;237;2;1;2;267.104864080077;"12";1;7;4;2;2;;;6;2;;2;2;;;;;;3
529886;237;3;1;3;579.985721795564;"3";1;7;4;1;1;2;1;2;2;;2;1;2;2;2;1;;
529887;237;3;1;3;367.430649744598;"11";1;1;3;1;2;;;6;1;4;2;2;;;;;;6
529893;237;2;1;2;372.556954225594;"8";1;7;4;3;2;;;6;2;;2;2;;;;;;3
530064;237;1;1;1;75.002054563094;"5";1;2;2;2;2;;;2;1;1;1;1;3;3;3;1;;
530148;237;3;1;3;133.85321842623;"12";1;7;4;2;2;;;6;2;;2;2;;;;;;6
530160;237;3;1;3;360.967235891801;"8";1;6;3;1;2;;;5;1;2;2;1;1;2;4;1;;
530181;237;1;1;1;65.1154396325777;"1";1;2;1;1;2;;;2;1;3;1;2;;;;;;2
530881;237;1;1;1;1070.52937942787;"12";1;1;3;2;2;;;6;1;4;2;2;;;;;;6
530884;237;1;1;1;1179.95654255476;"12";2;7;2;1;2;;;1;1;3;2;2;;;;;;6
530998;237;3;1;3;345.217360233556;"10";1;7;4;1;2;;;6;2;;2;2;;;;;;6
531011;237;1;1;1;72.2217613127613;"2";1;2;4;1;2;;;6;2;;2;2;;;;;;6
531071;237;4;1;4;73.5749682782042;"6";1;7;4;3;1;2;2;4;1;4;2;2;;;;;;5
531098;237;1;1;1;66.508413309753;"12";1;2;4;2;2;;;2;1;4;1;1;4;4;4;1;;
531160;237;1;1;1;96.4776644981431;"7";1;7;1;1;1;2;1;2;2;;2;1;3;3;2;1;;
531352;237;5;1;5;234.261616325342;"12";1;7;4;1;2;;;6;1;4;2;2;;;;;;6
531366;237;2;1;2;235.280176408714;"3";1;7;2;1;1;2;2;6;1;4;2;2;;;;;;5
531446;237;1;1;1;38.650261650024;"3";1;4;1;2;2;;;6;1;2;2;2;;;;;;6
531447;237;2;1;2;36.4325648631041;"6";1;7;4;2;1;2;1;2;1;4;1;1;1;1;2;1;;
531489;237;3;1;3;43.269827712759;"10";1;1;1;6;2;;;6;2;;1;1;1;1;2;1;;
531500;237;3;1;3;44.1711272829044;"6";1;10;3;1;2;;;6;2;;2;2;;;;;;6
531503;237;4;1;4;37.5722970300813;"11";1;7;1;1;1;1;1;3;2;;2;2;;;;;;3
531595;237;2;1;2;637.285467607061;"6";1;4;3;2;1;1;2;3;1;1;2;2;;;;;;5
531613;237;1;1;1;73.2352120129035;"12";1;7;4;5;2;;;6;1;2;2;2;;;;;;3
531613;237;2;1;2;73.2352120129035;"12";1;7;4;6;1;1;2;6;1;3;1;1;2;2;2;2;1;
531620;237;3;1;3;71.7756604690823;"4";1;7;1;7;1;1;1;4;1;4;1;1;3;3;4;1;;
531625;237;3;2;1;78.4951230939706;"1";1;9;1;7;1;1;1;6;2;;2;2;;;;;;3
531629;237;2;1;2;53.4457549464553;"3";1;9;1;1;1;2;2;4;2;;2;2;;;;;;3
531649;237;1;1;1;56.8047158327882;"5";1;7;4;1;1;2;2;6;2;;2;2;;;;;;6
531686;237;1;1;1;66.0424654400212;"10";1;2;4;2;2;;;2;1;3;2;1;3;3;3;1;;
531686;237;2;1;2;66.0424654400212;"10";1;2;4;2;1;1;1;2;1;3;2;1;3;3;3;1;;
531686;237;3;1;3;66.0424654400212;"10";1;2;4;1;2;;;2;1;3;2;1;1;1;4;1;;
531694;237;1;1;1;124.250542982739;"1";1;6;2;4;2;;;6;1;4;2;1;1;1;1;2;3;
531879;237;1;1;1;57.6648783505532;"11";1;7;2;1;2;;;1;1;3;2;1;3;1;2;1;;
531896;237;4;1;4;61.2240051708212;"5";1;2;4;1;2;;;2;2;;2;2;;;;;;6
531904;237;7;1;7;72.4292113726019;"11";1;1;3;1;2;;;6;1;4;2;2;;;;;;8
532094;237;1;1;1;1382.79307234378;"12";1;6;4;1;2;;;6;1;4;2;2;;;;;;5
532143;237;1;1;1;41.6070139270163;"6";1;2;4;5;2;;;6;1;4;1;1;1;1;3;1;;
532253;237;2;1;2;45.5953290850389;"9";1;4;2;6;2;;;6;1;5;2;1;3;3;3;1;;
532679;237;1;1;1;1092.22285797993;"8";1;1;9;1;2;;;6;1;4;2;2;;;;;;6
532749;237;2;1;2;972.496192109141;"11";1;7;3;1;2;;;6;2;;2;2;;;;;;6
532826;237;2;1;2;52.6485602242073;"3";1;2;2;1;2;;;2;2;;2;1;1;1;4;1;;
532849;237;2;1;2;64.7223032819282;"7";1;9;2;6;1;1;2;6;1;4;2;2;;;;;;3
532858;237;1;1;1;74.1657537923191;"10";1;1;4;1;2;;;5;1;2;2;1;1;1;3;1;;
532868;237;1;1;1;56.4956794675084;"11";1;1;2;2;2;;;6;2;;2;2;;;;;;6
533149;237;3;1;3;283.953823396015;"10";1;4;1;6;2;;;6;2;;2;2;;;;;;7
533153;237;1;1;1;276.065345813144;"10";1;2;4;1;1;2;2;6;2;;2;2;;;;;;1
533171;237;1;1;1;354.521855602262;"5";1;2;2;1;2;;;3;1;5;2;1;3;3;3;1;;
533416;237;3;1;3;43.1102973890459;"12";1;7;3;2;2;;;6;2;;2;2;;;;;;3
533466;237;4;1;4;61.8406151222726;"7";1;6;4;2;2;;;6;2;;2;2;;;;;;6
533482;237;3;1;3;60.5176936451824;"7";1;7;3;1;2;;;6;1;2;2;2;;;;;;6
533510;237;3;1;3;61.991113706195;"1";1;6;1;2;2;;;6;1;4;2;2;;;;;;3
533619;237;3;1;3;72.4630252956172;"9";1;6;3;1;2;;;3;1;2;2;2;;;;;;6
533643;237;2;1;2;66.1087923529439;"9";1;7;3;1;2;;;6;1;4;2;2;;;;;;6
533675;237;2;1;2;68.2937288176073;"6";1;9;4;3;1;2;2;6;1;4;2;2;;;;;;2
533750;237;3;1;3;62.5386507750568;"7";1;6;3;2;2;;;6;1;4;2;2;;;;;;6
533797;237;2;1;2;66.3447550600833;"9";1;2;3;1;1;1;2;6;2;;2;2;;;;;;3
533856;237;3;1;3;346.947095037766;"3";1;7;4;3;2;;;6;2;;2;2;;;;;;3
533866;237;1;1;1;321.799028248461;"6";1;7;3;6;2;;;6;1;3;2;2;;;;;;6
533924;237;1;1;1;321.357483476712;"4";1;2;3;7;2;;;3;1;3;2;2;;;;;;2
533935;237;4;1;4;5078.40066763585;"3";1;2;4;1;2;;;6;1;1;2;2;;;;;;6
534080;237;1;1;1;1048.02917214213;"3";2;2;3;1;2;;;6;2;;2;2;;;;;;2
534478;237;3;1;3;1043.27428284664;"4";1;7;3;8;2;;;6;1;5;2;2;;;;;;2
534478;237;4;1;4;1043.27428284664;"6";1;1;1;1;2;;;6;2;;2;2;;;;;;1
534499;237;1;1;1;4743.36028686522;"1";1;1;1;1;1;2;1;1;2;;1;1;1;1;1;1;;
534502;237;1;1;1;5289.63360242326;"11";1;9;1;1;2;;;6;2;;2;2;;;;;;6
534502;237;3;1;3;5289.63360242326;"11";1;9;1;1;1;1;2;2;1;4;2;2;;;;;;2
534539;237;2;1;2;4619.18498462615;"6";1;2;4;6;2;;;6;1;5;2;2;;;;;;6
534578;237;1;1;1;64.1592126843544;"6";1;7;3;8;2;;;6;1;2;2;2;;;;;;6
534651;237;3;1;3;80.2528868462529;"10";2;7;4;2;1;1;2;6;1;4;2;1;1;1;2;1;;
534892;237;4;1;4;294.931920580923;"11";1;1;2;2;2;;;2;2;;2;2;;;;;;6
534959;237;2;1;2;292.651238504052;"6";1;7;4;1;2;;;6;1;2;2;2;;;;;;6
535052;237;1;1;1;79.8108399663411;"12";1;7;1;2;2;;;6;1;4;2;2;;;;;;4
535052;237;3;1;3;79.8108399663411;"12";1;7;1;6;1;1;2;6;1;4;2;2;;;;;;3
535132;237;1;1;1;51.1865440364343;"6";1;7;4;1;2;;;6;1;4;2;2;;;;;;6
535135;237;3;1;3;45.4699510813742;"12";1;2;4;2;2;;;6;1;4;2;2;;;;;;3
535223;237;4;1;4;64.0729111127971;"8";1;7;4;2;2;;;6;1;2;2;2;;;;;;1
535254;237;1;1;1;67.3974393409893;"12";1;7;1;1;2;;;6;2;;2;2;;;;;;6
535281;237;2;1;2;70.4531618483072;"12";1;10;1;3;1;1;2;2;2;;2;1;1;1;3;1;;
535326;237;3;1;3;341.065963892491;"12";1;9;1;2;2;;;6;2;;2;2;;;;;;6
535545;237;3;1;3;47.6769385238728;"6";1;4;4;2;2;;;3;1;4;1;1;1;1;2;2;2;
535942;237;1;1;1;317.901238211483;"12";1;2;9;1;1;2;1;2;1;5;2;1;3;3;3;1;;
535948;237;4;1;4;1771.15903938024;"5";1;1;3;1;2;;;2;1;4;2;1;2;2;2;1;;
535948;237;5;1;5;1771.15903938024;"8";1;1;3;1;2;;;5;1;4;2;1;2;2;4;1;;
536117;237;2;1;2;996.733315652257;"7";1;6;2;1;1;2;2;6;2;;2;1;3;3;3;1;;
536162;237;2;1;2;1136.74205747858;"7";1;2;3;1;2;;;6;1;3;2;2;;;;;;9
536164;237;2;1;2;1325.67202297883;"11";1;9;4;1;1;1;2;6;1;4;2;1;1;1;2;2;2;
536473;237;3;1;3;224.375063377891;"11";1;7;4;1;1;1;2;6;1;1;2;2;;;;;;6
536503;237;2;1;2;224.302079223807;"6";1;7;2;1;2;;;6;1;5;2;1;3;3;3;2;1;
536520;237;2;1;2;242.561737785045;"3";1;1;2;1;2;;;6;1;4;2;2;;;;;;6
536520;237;3;1;3;242.561737785045;"3";2;1;3;1;2;;;6;1;4;2;2;;;;;;6
536571;237;1;1;1;369.068012256786;"12";1;7;4;1;2;;;2;1;3;1;2;;;;;;6
536571;237;4;1;4;369.068012256786;"12";1;7;4;1;2;;;6;1;3;1;1;1;1;2;2;3;
536579;237;1;1;1;423.478200921513;"10";1;7;4;1;1;2;1;2;1;4;2;1;3;3;3;1;;
536682;237;4;1;4;67.5310106593997;"8";1;7;4;1;2;;;6;1;3;2;2;;;;;;6
536684;237;2;1;2;61.099130394745;"6";1;2;1;1;2;;;1;1;1;2;2;;;;;;6
536725;237;3;1;3;1642.54096918612;"12";1;7;4;1;2;;;6;1;4;2;2;;;;;;6
536751;237;1;1;1;1706.93238255052;"7";1;7;4;1;1;2;2;6;1;4;2;2;;;;;;6
536853;237;6;2;1;81.7877463172074;"8";1;7;2;1;1;1;2;6;1;2;2;2;;;;;;2
537152;237;1;1;1;56.6990999869274;"4";1;2;4;1;2;;;1;1;3;2;2;;;;;;6
537154;237;1;1;1;74.9595983385623;"2";1;7;4;2;2;;;6;1;4;2;2;;;;;;3
537229;237;3;1;3;43.0313951159272;"6";1;7;3;2;1;2;2;3;2;;2;2;;;;;;7
537301;237;1;1;1;87.2555017489234;"12";1;7;2;2;2;;;6;1;3;2;2;;;;;;3
537424;237;3;1;3;89.6852485428029;"11";1;2;3;1;2;;;6;1;3;2;2;;;;;;3
537509;237;3;1;3;51.5857466154766;"12";2;6;4;1;2;;;6;1;4;2;2;;;;;;6
537544;237;1;1;1;432.646370099506;"6";1;2;1;2;2;;;2;1;4;2;1;1;1;3;1;;
537573;237;1;1;1;72.4579729440158;"12";1;7;3;1;2;;;6;1;4;2;2;;;;;;6
537587;237;1;1;1;67.3022578559962;"11";1;4;3;1;2;;;2;2;;1;1;2;2;4;1;;
537587;237;3;1;3;67.3022578559962;"11";1;2;3;1;2;;;3;1;2;2;2;;;;;;3
537636;237;2;1;2;70.5460261004796;"6";1;7;4;3;1;2;2;6;2;;2;2;;;;;;1
537659;237;2;1;2;65.6752234301037;"7";1;4;4;1;1;2;2;1;1;5;1;1;3;3;1;1;;
537821;237;3;1;3;306.326648482542;"6";1;7;2;4;2;;;6;1;4;2;2;;;;;;6
537829;237;4;1;4;244.456031384331;"5";1;4;4;2;2;;;6;2;;2;2;;;;;;11
537871;237;2;1;2;37.5722970300813;"8";1;7;4;3;1;2;2;3;2;;2;2;;;;;;3
537922;237;2;1;2;78.0082408260504;"12";1;7;4;3;1;1;1;2;2;;2;1;3;1;2;1;;
537985;237;2;1;2;65.7388071787819;"12";1;9;4;3;1;1;1;6;1;4;2;1;1;1;3;1;;
537998;237;3;1;3;62.5416203468096;"11";1;7;1;3;2;;;6;2;;2;2;;;;;;1
538031;237;1;1;1;66.799822264439;"1";1;9;1;1;2;;;6;2;;2;2;;;;;;3
538065;237;2;1;2;70.7928041248395;"12";1;2;4;1;1;1;2;6;1;4;2;2;;;;;;2
538099;237;2;1;2;71.6934221324365;"8";2;7;3;2;1;1;1;1;1;3;1;1;3;3;4;2;4;
538147;237;1;1;1;65.115191692981;"12";1;7;3;7;1;2;2;6;2;;2;2;;;;;;6
538249;237;1;1;1;310.026365201406;"12";1;9;4;1;2;;;6;1;4;2;2;;;;;;5
538398;237;3;1;3;751.978225681919;"10";2;6;1;1;2;;;1;1;2;2;2;;;;;;5
538404;237;4;1;4;1103.7807924165;"12";1;9;4;1;1;1;2;6;1;2;1;1;1;1;2;1;;
538606;237;1;1;1;494.896469764683;"6";1;2;3;1;1;1;2;5;1;3;2;1;1;3;3;1;;
538783;237;1;1;1;96.1226378660549;"4";1;3;4;1;2;;;3;1;3;2;2;;;;;;6
538879;237;3;1;3;1128.04639954288;"11";1;7;2;1;2;;;4;2;;2;2;;;;;;4
538907;237;1;1;1;1096.66625557766;"2";1;3;3;1;2;;;6;1;4;2;2;;;;;;6
539059;237;2;1;2;65.7586305975624;"12";1;7;4;3;1;1;2;3;2;;1;2;;;;;;1
539252;237;1;1;1;124.731218664976;"11";2;3;1;2;2;;;6;1;2;1;2;;;;;;5
539298;237;3;1;3;1307.73959172153;"10";1;2;1;2;2;;;6;1;1;2;2;;;;;;5
539418;237;1;1;1;224.302079223807;"10";1;2;2;1;2;;;6;1;3;1;2;;;;;;2
539418;237;2;1;2;224.302079223807;"10";1;2;2;2;1;2;2;6;1;3;2;2;;;;;;2
539482;237;2;1;2;780.136503558225;"8";1;6;4;1;1;2;2;6;2;;2;2;;;;;;6
539652;237;4;1;4;50.1801314048249;"3";1;7;4;2;1;2;1;5;1;4;1;1;3;3;3;2;4;
539654;237;1;1;1;64.609082325657;"4";1;2;3;5;2;;;2;1;3;2;1;3;3;3;1;;
539654;237;2;1;2;64.609082325657;"4";1;7;2;2;2;;;2;1;3;2;2;;;;;;3
539655;237;1;1;1;64.2878073111897;"10";1;2;4;3;1;2;1;6;1;4;1;2;;;;;;4
539661;237;2;1;2;69.4067476128098;"12";2;7;3;2;1;1;2;1;1;4;1;1;1;1;2;2;2;
539740;237;3;1;3;76.0769925122295;"7";1;1;2;3;1;2;2;6;1;4;2;1;1;1;1;1;;
539751;237;1;1;1;61.6211342215743;"9";1;7;4;1;2;;;2;2;;1;1;3;3;3;1;;
539751;237;2;1;2;61.6211342215743;"12";1;2;4;1;1;2;1;2;2;;2;1;3;3;3;1;;
539825;237;1;1;1;74.3926178621974;"10";1;2;4;4;1;2;2;1;1;4;1;1;1;1;5;2;1;
539829;237;1;1;1;81.2795920802017;"7";1;9;1;2;1;2;2;6;1;4;2;2;;;;;;6
539883;237;5;1;5;64.6840342702467;"7";1;7;1;1;2;;;6;1;4;2;2;;;;;;1
540200;237;1;1;1;643.350590060988;"2";1;2;4;1;2;;;6;1;4;2;2;;;;;;3
540303;237;1;1;1;1124.49997441029;"11";1;9;3;1;2;;;6;1;2;2;2;;;;;;8
540335;237;1;1;1;74.1657537923191;"12";1;2;4;6;2;;;6;1;1;2;2;;;;;;6
540520;237;1;1;1;354.521855602262;"6";1;2;4;2;1;2;1;6;1;1;1;1;3;3;3;2;5;
540611;237;4;1;4;47.9246815822343;"11";1;7;1;2;2;;;6;2;;2;2;;;;;;6
540682;237;1;1;1;41.088817615471;"12";1;2;2;1;1;2;1;5;1;5;1;1;3;3;3;1;;
540749;237;3;1;3;67.2932691177248;"12";1;7;1;8;2;;;6;1;4;2;2;;;;;;6
540754;237;1;1;1;66.799822264439;"10";1;9;4;2;2;;;6;2;;2;2;;;;;;8
540880;237;1;1;1;1245.35142229355;"1";2;2;9;8;1;1;2;1;1;1;2;2;;;;;;2
541432;237;4;1;4;64.1846161902626;"11";1;1;2;1;2;;;7;1;2;2;2;;;;;;11
541432;237;6;1;6;64.1846161902626;"2";1;4;3;1;2;;;6;1;1;2;2;;;;;;6
541436;237;4;1;4;68.8562022211189;"3";1;7;2;1;2;;;2;1;3;2;2;;;;;;10
541440;237;2;1;2;67.3306712569187;"12";1;7;4;1;1;2;2;6;1;4;2;2;;;;;;1
541574;237;2;1;2;69.1204500125778;"6";1;7;4;3;1;2;2;6;1;4;2;2;;;;;;9
541847;237;3;1;3;75.6927990794513;"11";1;7;4;8;1;1;2;6;1;4;2;2;;;;;;2
541974;237;3;1;3;240.076284338646;"10";1;2;3;1;2;;;6;1;4;2;2;;;;;;3
541980;237;1;1;1;222.480769778604;"11";1;4;3;1;2;;;2;1;4;1;1;2;2;4;2;3;
542093;237;4;1;4;810.130721903196;"12";1;9;1;6;2;;;6;2;;2;2;;;;;;6
542218;237;1;1;1;108.72178431697;"6";1;2;3;3;2;;;6;1;1;2;2;;;;;;5
542514;237;4;1;4;52.3546879246342;"10";1;7;4;2;1;1;1;2;1;2;2;1;3;3;2;2;1;
542523;237;1;1;1;1670.98449626479;"12";2;9;4;1;1;1;2;2;2;;2;1;1;1;1;1;;
543131;237;3;1;3;182.705222243308;"6";1;7;3;3;2;;;2;2;;2;1;2;1;1;1;;
543653;237;1;1;1;61.2599253112343;"12";1;9;1;6;1;2;1;2;2;;2;1;3;3;4;1;;
543655;237;1;1;1;63.9166914781638;"10";1;2;4;2;1;2;1;6;1;1;1;1;3;3;1;1;;
543655;237;2;1;2;63.9166914781638;"10";1;2;4;2;2;;;2;1;1;1;1;3;3;2;1;;
543667;237;1;1;1;63.874456179983;"3";1;2;2;2;2;;;6;1;1;2;2;;;;;;5
543694;237;4;2;3;79.9594362145179;"12";1;7;1;2;2;;;6;1;2;2;2;;;;;;6
544318;237;1;1;1;156.260414103535;"5";1;7;2;3;1;2;2;6;2;;2;2;;;;;;3
544680;237;1;1;1;1071.15264642132;"5";1;1;9;1;2;;;3;2;;1;2;;;;;;1
544746;237;1;1;1;607.244562598283;"9";1;7;3;2;2;;;2;1;3;1;1;3;3;3;1;;
545387;237;1;1;1;302.758589012924;"2";1;6;2;1;1;1;2;3;2;;2;2;;;;;;11
545486;237;1;1;1;599.648830858531;"1";1;2;4;1;1;2;2;6;1;5;2;2;;;;;;2
546036;237;1;1;1;72.1181715048041;"3";1;7;2;1;2;;;6;2;;2;2;;;;;;3
547243;237;2;1;2;909.345960863759;"8";1;2;3;1;1;2;2;2;1;5;1;2;;;;;;3
547279;237;5;1;5;949.279742540862;"11";1;6;3;2;2;;;2;2;;2;2;;;;;;11
547683;237;1;1;1;246.277340829534;"10";1;4;4;1;2;;;6;1;1;2;2;;;;;;7
547685;237;3;1;3;285.236058606968;"3";1;1;2;1;2;;;5;1;4;2;2;;;;;;3
549302;237;1;1;1;362.589514473583;"12";1;3;3;1;2;;;2;1;3;1;1;1;2;4;1;;
549308;237;3;1;3;48.6119952005828;"5";1;1;2;2;2;;;6;1;4;2;2;;;;;;3
549319;237;4;1;4;685.503960998026;"6";1;7;3;5;1;2;2;3;2;;2;2;;;;;;7
549322;237;2;1;2;566.98629387179;"2";2;7;2;2;1;2;2;6;2;;2;2;;;;;;6
549359;237;5;1;5;59.04472729375;"6";1;1;3;1;2;;;6;2;;2;2;;;;;;6
549426;237;1;1;1;285.236058606968;"11";1;3;4;3;2;;;6;2;;1;2;;;;;;3
549427;237;2;1;2;246.277340829534;"8";1;7;4;8;2;;;6;2;;2;2;;;;;;6
549427;237;3;1;3;246.277340829534;"10";1;6;4;1;2;;;6;1;4;2;2;;;;;;6
549579;237;1;1;1;61.5502702167535;"5";1;2;4;3;2;;;3;1;3;2;2;;;;;;3
549582;237;1;1;1;66.428706431413;"6";1;7;3;1;2;;;6;1;4;2;2;;;;;;6
549583;237;1;1;1;55.3489125250036;"7";1;7;4;1;2;;;6;2;;1;1;1;1;1;1;;
549595;237;3;1;3;57.7960659628443;"7";1;2;4;1;2;;;6;1;3;2;1;1;1;1;2;2;
549604;237;1;1;1;193.629402510043;"2";1;7;4;2;2;;;4;1;4;2;2;;;;;;3
549665;237;1;1;1;1465.71039048257;"11";1;2;2;3;2;;;6;2;;2;2;;;;;;10
549687;237;2;1;2;276.138329967228;"12";1;2;1;6;2;;;2;1;3;1;1;1;1;3;1;;
549691;237;3;1;3;67.9547298562699;"7";1;9;1;1;2;;;6;2;;2;2;;;;;;6
549692;237;2;1;2;61.973496952967;"7";2;7;1;1;1;2;2;6;1;4;2;2;;;;;;6
549708;237;3;1;3;972.597502302649;"8";2;10;4;2;1;2;2;6;2;;2;2;;;;;;4
549712;237;3;1;3;917.258781672308;"4";1;7;1;1;1;1;2;3;2;;2;1;1;1;1;2;1;
549714;237;3;1;3;1083.87291192078;"9";1;9;1;6;1;2;2;6;2;;2;2;;;;;;6
549718;237;1;1;1;1863.1242040358;"11";1;4;4;1;1;2;2;2;1;5;1;1;1;1;3;2;2;
549719;237;2;1;2;959.356351268959;"3";1;7;3;8;2;;;6;1;2;2;2;;;;;;6
